日期,SPU ID,展现数,点击数,点击率(%),花费,千次展现成本,平均点击成本,转化率(%),总订单金额,投产比
20260917,10027406248270,86,0,0.00,0.00,0.00,0.00,0.00,0.00,0.00
20260917,10028330884937,119,8,6.72,7.71,64.79,0.96,0.00,0.00,0.00
20260917,10027272712101,20,0,0.00,0.00,0.00,0.00,0.00,0.00,0.00
20260917,10027380998461,95,4,4.21,4.38,46.11,1.10,0.00,0.00,0.00
20260917,10027322451954,172,3,1.74,5.50,31.98,1.83,0.00,0.00,0.00
20260917,10030562418205,3,0,0.00,0.00,0.00,0.00,0.00,0.00,0.00
20260917,10030561436127,80,3,3.75,2.16,27.00,0.72,0.00,0.00,0.00
20260917,10026350498838,2,0,0.00,0.00,0.00,0.00,0.00,0.00,0.00
20260917,10028951723142,63,5,7.94,5.32,84.44,1.06,0.00,0.00,0.00
20260917,10033906996788,5,1,20.00,0.77,154.00,0.77,0.00,0.00,0.00
20260917,10026348284934,26,0,0.00,0.00,0.00,0.00,0.00,0.00,0.00
20260917,10029002277307,9,0,0.00,0.00,0.00,0.00,0.00,0.00,0.00
20260917,10026876169278,32,3,9.38,6.18,193.13,2.06,0.00,0.00,0.00
20260917,10027895106654,53,5,9.43,8.84,166.79,1.77,0.00,0.00,0.00
20260917,10028565601646,77,2,2.60,1.07,13.90,0.54,0.00,0.00,0.00
20260917,10029716841916,67,2,2.99,1.19,17.76,0.60,0.00,0.00,0.00
20260917,10027232387250,11,1,9.09,0.40,36.36,0.40,0.00,0.00,0.00
20260917,10028576203176,116,5,4.31,4.67,40.26,0.93,0.00,0.00,0.00
20260917,10026365993956,2,0,0.00,0.00,0.00,0.00,0.00,0.00,0.00
20260917,10026365556265,6,0,0.00,0.00,0.00,0.00,0.00,0.00,0.00
20260917,10027002957817,49,1,2.04,2.97,60.61,2.97,0.00,0.00,0.00
20260917,10027448617071,41,6,14.63,2.87,70.00,0.48,16.67,13.90,4.84
20260917,10029372606487,11,0,0.00,0.00,0.00,0.00,0.00,0.00,0.00
20260917,10030372593619,6,0,0.00,0.00,0.00,0.00,0.00,0.00,0.00
20260917,10026877922750,124,7,5.65,4.83,38.95,0.69,0.00,0.00,0.00
20260917,10026350366810,79,3,3.80,1.15,14.56,0.38,0.00,0.00,0.00
20260917,10027645847428,117,2,1.71,3.79,32.39,1.90,0.00,0.00,0.00
20260917,10028842048449,219,3,1.37,1.25,5.71,0.42,0.00,0.00,0.00
20260917,10026349026083,29,2,6.90,5.76,198.62,2.88,0.00,0.00,0.00
20260917,10026876601221,100,3,3.00,5.34,53.40,1.78,0.00,0.00,0.00
20260917,10028738684573,4,0,0.00,0.00,0.00,0.00,0.00,0.00,0.00
20260917,10027848497108,47,0,0.00,0.00,0.00,0.00,0.00,0.00,0.00
20260917,10027346224350,197,8,4.06,12.87,65.33,1.61,0.00,0.00,0.00
20260917,10028836069950,1,0,0.00,0.00,0.00,0.00,0.00,0.00,0.00
20260917,10028739263209,26,1,3.85,0.10,3.85,0.10,0.00,0.00,0.00
20260917,10026679887041,11,2,18.18,4.57,415.45,2.29,0.00,0.00,0.00
20260917,10027048961128,1093,50,4.57,70.96,64.92,1.42,6.00,331.30,4.67
20260917,10027848219930,74,5,6.76,6.94,93.78,1.39,0.00,0.00,0.00
20260917,10026350825397,30,2,6.67,2.79,93.00,1.40,0.00,0.00,0.00
20260917,10032950336111,15,0,0.00,0.00,0.00,0.00,0.00,0.00,0.00
20260917,10026592457848,114,8,7.02,14.48,127.02,1.81,12.50,30.00,2.07
20260917,10029372321239,23,0,0.00,0.00,0.00,0.00,0.00,0.00,0.00
20260917,10026349808349,7,0,0.00,0.00,0.00,0.00,0.00,0.00,0.00
20260917,10026591974818,42,2,4.76,1.80,42.86,0.90,0.00,0.00,0.00
20260917,10026608095213,23,0,0.00,0.00,0.00,0.00,0.00,0.00,0.00
20260917,10027321997492,790,42,5.32,47.42,60.03,1.13,2.38,259.90,5.48
20260917,10026364056679,688,27,3.92,54.89,79.78,2.03,3.70,88.00,1.60
20260917,10026593256177,97,7,7.22,13.64,140.62,1.95,28.57,119.80,8.78
20260916,10027002957817,71,2,2.82,0.93,13.10,0.47,0.00,0.00,0.00
20260916,10028739263209,30,1,3.33,1.68,56.00,1.68,0.00,0.00,0.00
20260916,10027895106654,32,2,6.25,3.11,97.19,1.56,0.00,0.00,0.00
20260916,10026593256177,74,1,1.35,4.48,60.54,4.48,0.00,0.00,0.00
20260916,10026349026083,28,2,7.14,3.70,132.14,1.85,0.00,0.00,0.00
20260916,10027380998461,71,5,7.04,12.45,175.35,2.49,0.00,0.00,0.00
20260916,10027232387250,11,0,0.00,0.00,0.00,0.00,0.00,0.00,0.00
20260916,10026876169278,50,3,6.00,9.42,188.40,3.14,0.00,0.00,0.00
20260916,10027848497108,44,1,2.27,2.73,62.05,2.73,0.00,0.00,0.00
20260916,10026350366810,72,5,6.94,10.02,139.17,2.00,0.00,0.00,0.00
20260916,10027848219930,46,1,2.17,4.46,96.96,4.46,0.00,0.00,0.00
20260916,10029716841916,115,6,5.22,10.78,93.74,1.80,0.00,0.00,0.00
20260916,10028738684573,8,0,0.00,0.00,0.00,0.00,0.00,0.00,0.00
20260916,10027321997492,625,22,3.52,31.05,49.68,1.41,0.00,0.00,0.00
20260916,10026679887041,12,0,0.00,0.00,0.00,0.00,0.00,0.00,0.00
20260916,10026364056679,511,20,3.91,58.38,114.25,2.92,5.00,114.00,1.95
20260916,10027322451954,201,5,2.49,9.46,47.06,1.89,20.00,209.90,22.19
20260916,10028565601646,60,3,5.00,4.66,77.67,1.55,0.00,0.00,0.00
20260916,10030562418205,2,0,0.00,0.00,0.00,0.00,0.00,0.00,0.00
20260916,10026350825397,15,0,0.00,0.00,0.00,0.00,0.00,0.00,0.00
20260916,10027346224350,115,7,6.09,9.21,80.09,1.32,0.00,0.00,0.00
20260916,10028951723142,62,2,3.23,5.39,86.94,2.70,0.00,0.00,0.00
20260916,10030372593619,2,0,0.00,0.00,0.00,0.00,0.00,0.00,0.00
20260916,10026365556265,1,0,0.00,0.00,0.00,0.00,0.00,0.00,0.00
20260916,10028842048449,854,6,0.70,10.68,12.51,1.78,16.67,9.80,0.92
20260916,10026348284934,30,1,3.33,2.86,95.33,2.86,0.00,0.00,0.00
20260916,10028576203176,77,5,6.49,4.01,52.08,0.80,0.00,0.00,0.00
20260916,10026877922750,213,9,4.23,7.94,37.28,0.88,0.00,0.00,0.00
20260916,10026349808349,12,0,0.00,0.00,0.00,0.00,0.00,0.00,0.00
20260916,10030561436127,103,2,1.94,4.83,46.89,2.42,0.00,0.00,0.00
20260916,10027645847428,157,5,3.18,9.19,58.54,1.84,0.00,0.00,0.00
20260916,10026591974818,66,2,3.03,8.78,133.03,4.39,0.00,0.00,0.00
20260916,10032950336111,15,2,13.33,6.25,416.67,3.13,0.00,0.00,0.00
20260916,10033906996788,14,0,0.00,0.00,0.00,0.00,0.00,0.00,0.00
20260916,10027406248270,52,1,1.92,1.73,33.27,1.73,0.00,0.00,0.00
20260916,10026365993956,1,0,0.00,0.00,0.00,0.00,0.00,0.00,0.00
20260916,10027272712101,17,2,11.76,1.03,60.59,0.52,0.00,0.00,0.00
20260916,10027048961128,1124,67,5.96,130.89,116.45,1.95,13.43,271.10,2.07
20260916,10027448617071,81,1,1.23,0.51,6.30,0.51,0.00,0.00,0.00
20260916,10029372321239,13,1,7.69,2.80,215.38,2.80,0.00,0.00,0.00
20260916,10026876601221,154,15,9.74,25.25,163.96,1.68,20.00,564.00,22.34
20260916,10026608095213,23,0,0.00,0.00,0.00,0.00,0.00,0.00,0.00
20260916,10028330884937,107,2,1.87,2.58,24.11,1.29,0.00,0.00,0.00
20260916,10029002277307,11,8,72.73,3.87,351.82,0.48,0.00,0.00,0.00
20260916,10026592457848,109,6,5.50,13.05,119.72,2.18,0.00,0.00,0.00
20260916,10029372606487,10,0,0.00,0.00,0.00,0.00,0.00,0.00,0.00
20260915,10028951723142,21,0,0.00,0.00,0.00,0.00,0.00,0.00,0.00
20260915,10026350825397,13,0,0.00,0.00,0.00,0.00,0.00,0.00,0.00
20260915,10026349026083,10,0,0.00,0.00,0.00,0.00,0.00,0.00,0.00
20260915,10029716841916,73,1,1.37,1.25,17.12,1.25,0.00,0.00,0.00
20260915,10027346224350,120,7,5.83,4.29,35.75,0.61,0.00,0.00,0.00
20260915,10030561436127,43,2,4.65,9.36,217.67,4.68,0.00,0.00,0.00
20260915,10028739263209,12,2,16.67,0.48,40.00,0.24,0.00,0.00,0.00
20260915,10026348284934,31,1,3.23,0.35,11.29,0.35,0.00,0.00,0.00
20260915,10027002957817,51,0,0.00,0.00,0.00,0.00,0.00,0.00,0.00
20260915,10029372606487,7,0,0.00,0.00,0.00,0.00,0.00,0.00,0.00
20260915,10026350366810,84,3,3.57,0.81,9.64,0.27,0.00,0.00,0.00
20260915,10026365556265,3,0,0.00,0.00,0.00,0.00,0.00,0.00,0.00
20260915,10029372321239,19,3,15.79,2.91,153.16,0.97,0.00,0.00,0.00
20260915,10026608095213,28,0,0.00,0.00,0.00,0.00,0.00,0.00,0.00
20260915,10027448617071,81,2,2.47,0.45,5.56,0.23,0.00,0.00,0.00
20260915,10027406248270,45,0,0.00,0.00,0.00,0.00,0.00,0.00,0.00
20260915,10027848497108,21,0,0.00,0.00,0.00,0.00,0.00,0.00,0.00
20260915,10028330884937,102,5,4.90,1.62,15.88,0.32,20.00,198.80,122.72
20260915,10026876601221,99,8,8.08,8.60,86.87,1.08,0.00,0.00,0.00
20260915,10027321997492,443,18,4.06,22.81,51.49,1.27,0.00,0.00,0.00
20260915,10030160165733,1,0,0.00,0.00,0.00,0.00,0.00,0.00,0.00
20260915,10027380998461,75,4,5.33,1.30,17.33,0.33,0.00,0.00,0.00
20260915,10026593256177,45,3,6.67,0.95,21.11,0.32,0.00,0.00,0.00
20260915,10027848219930,31,1,3.23,0.34,10.97,0.34,0.00,0.00,0.00
20260915,10033906996788,5,0,0.00,0.00,0.00,0.00,0.00,0.00,0.00
20260915,10026349808349,12,1,8.33,0.46,38.33,0.46,0.00,0.00,0.00
20260915,10028738684573,7,0,0.00,0.00,0.00,0.00,0.00,0.00,0.00
20260915,10027895106654,18,0,0.00,0.00,0.00,0.00,0.00,0.00,0.00
20260915,10030562418205,5,0,0.00,0.00,0.00,0.00,0.00,0.00,0.00
20260915,10027048961128,815,52,6.38,28.31,34.74,0.54,3.85,76.80,2.71
20260915,10027272712101,12,0,0.00,0.00,0.00,0.00,0.00,0.00,0.00
20260915,10026877922750,165,6,3.64,5.22,31.64,0.87,50.00,354.90,67.99
20260915,10027232387250,6,1,16.67,0.27,45.00,0.27,0.00,0.00,0.00
20260915,10028576203176,85,2,2.35,1.76,20.71,0.88,50.00,59.90,34.03
20260915,10026365993956,4,0,0.00,0.00,0.00,0.00,0.00,0.00,0.00
20260915,10026364056679,226,6,2.65,1.39,6.15,0.23,16.67,100.00,71.94
20260915,10026679887041,6,0,0.00,0.00,0.00,0.00,0.00,0.00,0.00
20260915,10026592457848,76,2,2.63,2.13,28.03,1.07,0.00,0.00,0.00
20260915,10030372593619,3,0,0.00,0.00,0.00,0.00,0.00,0.00,0.00
20260915,10032950336111,4,0,0.00,0.00,0.00,0.00,0.00,0.00,0.00
20260915,10027322451954,174,8,4.60,9.71,55.80,1.21,0.00,0.00,0.00
20260915,10026876169278,36,0,0.00,0.00,0.00,0.00,0.00,0.00,0.00
20260915,10027645847428,67,1,1.49,4.50,67.16,4.50,0.00,0.00,0.00
20260915,10028836069950,5,1,20.00,0.98,196.00,0.98,0.00,0.00,0.00
20260915,10028565601646,57,1,1.75,3.63,63.68,3.63,0.00,0.00,0.00
20260915,10029002277307,7,0,0.00,0.00,0.00,0.00,0.00,0.00,0.00
20260915,10026591974818,20,1,5.00,2.15,107.50,2.15,100.00,135.00,62.79
20260915,10028842048449,344,7,2.03,3.80,11.05,0.54,14.29,14.80,3.89
20260914,10026349808349,8,0,0.00,0.00,0.00,0.00,0.00,0.00,0.00
20260914,10028951723142,30,2,6.67,1.41,47.00,0.71,0.00,0.00,0.00
20260914,10026350825397,22,0,0.00,0.00,0.00,0.00,0.00,0.00,0.00
20260914,10026365993956,3,0,0.00,0.00,0.00,0.00,0.00,0.00,0.00
20260914,10028576203176,110,1,0.91,0.34,3.09,0.34,0.00,0.00,0.00
20260914,10027048961128,931,60,6.44,37.24,40.00,0.62,3.33,57.80,1.55
20260914,10026877922750,106,2,1.89,5.64,53.21,2.82,0.00,0.00,0.00
20260914,10028565601646,61,3,4.92,2.97,48.69,0.99,0.00,0.00,0.00
20260914,10026365556265,7,0,0.00,0.00,0.00,0.00,0.00,0.00,0.00
20260914,10027272712101,11,0,0.00,0.00,0.00,0.00,0.00,0.00,0.00
20260914,10027002957817,51,2,3.92,0.24,4.71,0.12,0.00,0.00,0.00
20260914,10027895106654,17,1,5.88,0.31,18.24,0.31,0.00,0.00,0.00
20260914,10030561436127,36,2,5.56,4.91,136.39,2.46,0.00,0.00,0.00
20260914,10032950336111,6,0,0.00,0.00,0.00,0.00,0.00,0.00,0.00
20260914,10027645847428,68,3,4.41,2.51,36.91,0.84,0.00,0.00,0.00
20260914,10026350366810,33,0,0.00,0.00,0.00,0.00,0.00,0.00,0.00
20260914,10026679887041,10,0,0.00,0.00,0.00,0.00,0.00,0.00,0.00
20260914,10026349026083,15,0,0.00,0.00,0.00,0.00,0.00,0.00,0.00
20260914,10026876169278,23,2,8.70,0.41,17.83,0.21,0.00,0.00,0.00
20260914,10026876601221,105,14,13.33,11.65,110.95,0.83,0.00,0.00,0.00
20260914,10029002277307,8,0,0.00,0.00,0.00,0.00,0.00,0.00,0.00
20260914,10027848219930,40,3,7.50,1.00,25.00,0.33,0.00,0.00,0.00
20260914,10027380998461,69,1,1.45,0.27,3.91,0.27,0.00,0.00,0.00
20260914,10026608095213,17,1,5.88,0.46,27.06,0.46,0.00,0.00,0.00
20260914,10026348284934,40,4,10.00,1.10,27.50,0.28,0.00,0.00,0.00
20260914,10026593256177,83,2,2.41,1.48,17.83,0.74,50.00,83.90,56.69
20260914,10026364056679,221,16,7.24,12.04,54.48,0.75,0.00,0.00,0.00
20260914,10026592457848,132,10,7.58,5.05,38.26,0.51,0.00,0.00,0.00
20260914,10028738684573,5,0,0.00,0.00,0.00,0.00,0.00,0.00,0.00
20260914,10027232387250,15,1,6.67,0.53,35.33,0.53,0.00,0.00,0.00
20260914,10026591974818,69,6,8.70,5.21,75.51,0.87,0.00,0.00,0.00
20260914,10029372606487,2,0,0.00,0.00,0.00,0.00,0.00,0.00,0.00
20260914,10030562418205,1,0,0.00,0.00,0.00,0.00,0.00,0.00,0.00
20260914,10027346224350,128,4,3.13,1.93,15.08,0.48,0.00,0.00,0.00
20260914,10028842048449,80,1,1.25,0.10,1.25,0.10,0.00,0.00,0.00
20260914,10027322451954,179,2,1.12,3.56,19.89,1.78,0.00,0.00,0.00
20260914,10027448617071,79,5,6.33,2.23,28.23,0.45,0.00,0.00,0.00
20260914,10029716841916,87,2,2.30,1.29,14.83,0.65,0.00,0.00,0.00
20260914,10029372321239,5,0,0.00,0.00,0.00,0.00,0.00,0.00,0.00
20260914,10028330884937,119,3,2.52,1.10,9.24,0.37,33.33,119.90,109.00
20260914,10026350498838,2,0,0.00,0.00,0.00,0.00,0.00,0.00,0.00
20260914,10027406248270,41,0,0.00,0.00,0.00,0.00,0.00,0.00,0.00
20260914,10030372593619,4,0,0.00,0.00,0.00,0.00,0.00,0.00,0.00
20260914,10028739263209,8,0,0.00,0.00,0.00,0.00,0.00,0.00,0.00
20260914,10027848497108,24,0,0.00,0.00,0.00,0.00,0.00,0.00,0.00
20260914,10027321997492,456,22,4.82,11.73,25.72,0.53,0.00,0.00,0.00
20260913,10030372593619,2,0,0.00,0.00,0.00,0.00,0.00,0.00,0.00
20260913,10026364056679,497,30,6.04,56.83,114.35,1.89,3.33,100.00,1.76
20260913,10027232387250,4,0,0.00,0.00,0.00,0.00,0.00,0.00,0.00
20260913,10033906996788,8,1,12.50,0.12,15.00,0.12,0.00,0.00,0.00
20260913,10028739263209,4,0,0.00,0.00,0.00,0.00,0.00,0.00,0.00
20260913,10026348284934,21,0,0.00,0.00,0.00,0.00,0.00,0.00,0.00
20260913,10027895106654,11,0,0.00,0.00,0.00,0.00,0.00,0.00,0.00
20260913,10026592457848,79,1,1.27,0.11,1.39,0.11,0.00,0.00,0.00
20260913,10026365993956,4,0,0.00,0.00,0.00,0.00,0.00,0.00,0.00
20260913,10026593256177,60,7,11.67,6.69,111.50,0.96,42.86,143.80,21.49
20260913,10027380998461,71,3,4.23,0.44,6.20,0.15,0.00,0.00,0.00
20260913,10027322451954,179,2,1.12,0.20,1.12,0.10,0.00,0.00,0.00
20260913,10028565601646,46,0,0.00,0.00,0.00,0.00,0.00,0.00,0.00
20260913,10026349026083,22,0,0.00,0.00,0.00,0.00,0.00,0.00,0.00
20260913,10032950336111,11,0,0.00,0.00,0.00,0.00,0.00,0.00,0.00
20260913,10027645847428,67,3,4.48,3.24,48.36,1.08,0.00,0.00,0.00
20260913,10026349808349,8,0,0.00,0.00,0.00,0.00,0.00,0.00,0.00
20260913,10028330884937,97,1,1.03,0.15,1.55,0.15,0.00,0.00,0.00
20260913,10026876169278,13,1,7.69,0.10,7.69,0.10,0.00,0.00,0.00
20260913,10027406248270,68,5,7.35,3.09,45.44,0.62,0.00,0.00,0.00
20260913,10027048961128,953,60,6.30,46.17,48.45,0.77,6.67,134.60,2.92
20260913,10027448617071,50,0,0.00,0.00,0.00,0.00,0.00,0.00,0.00
20260913,10026591974818,25,0,0.00,0.00,0.00,0.00,0.00,0.00,0.00
20260913,10029372321239,14,1,7.14,1.48,105.71,1.48,0.00,0.00,0.00
20260913,10027272712101,5,1,20.00,3.15,630.00,3.15,0.00,0.00,0.00
20260913,10027321997492,471,28,5.94,8.96,19.02,0.32,0.00,0.00,0.00
20260913,10030561436127,43,0,0.00,0.00,0.00,0.00,0.00,0.00,0.00
20260913,10027848497108,31,1,3.23,0.30,9.68,0.30,0.00,0.00,0.00
20260913,10026350498838,2,0,0.00,0.00,0.00,0.00,0.00,0.00,0.00
20260913,10026350825397,21,0,0.00,0.00,0.00,0.00,0.00,0.00,0.00
20260913,10027002957817,45,4,8.89,0.44,9.78,0.11,0.00,0.00,0.00
20260913,10026876601221,52,3,5.77,0.30,5.77,0.10,0.00,0.00,0.00
20260913,10028842048449,148,6,4.05,0.78,5.27,0.13,0.00,0.00,0.00
20260913,10029372606487,8,0,0.00,0.00,0.00,0.00,0.00,0.00,0.00
20260913,10027346224350,150,8,5.33,1.49,9.93,0.19,0.00,0.00,0.00
20260913,10026608095213,32,1,3.13,0.29,9.06,0.29,0.00,0.00,0.00
20260913,10028836069950,1,0,0.00,0.00,0.00,0.00,0.00,0.00,0.00
20260913,10029716841916,85,5,5.88,1.29,15.18,0.26,0.00,0.00,0.00
20260913,10030562418205,2,0,0.00,0.00,0.00,0.00,0.00,0.00,0.00
20260913,10026679887041,10,0,0.00,0.00,0.00,0.00,0.00,0.00,0.00
20260913,10026350366810,43,0,0.00,0.00,0.00,0.00,0.00,0.00,0.00
20260913,10027848219930,32,1,3.13,0.28,8.75,0.28,100.00,139.90,499.64
20260913,10028576203176,107,6,5.61,3.54,33.08,0.59,16.67,39.90,11.27
20260913,10028951723142,33,1,3.03,0.10,3.03,0.10,0.00,0.00,0.00
20260913,10026877922750,124,3,2.42,1.78,14.35,0.59,0.00,0.00,0.00
20260913,10029002277307,9,0,0.00,0.00,0.00,0.00,0.00,0.00,0.00
20260912,10026876169278,40,2,5.00,0.48,12.00,0.24,0.00,0.00,0.00
20260912,10026350825397,9,1,11.11,0.23,25.56,0.23,0.00,0.00,0.00
20260912,10027848219930,35,0,0.00,0.00,0.00,0.00,0.00,0.00,0.00
20260912,10026350366810,77,3,3.90,0.59,7.66,0.20,0.00,0.00,0.00
20260912,10027002957817,46,6,13.04,0.74,16.09,0.12,0.00,0.00,0.00
20260912,10026592457848,81,6,7.41,2.68,33.09,0.45,0.00,0.00,0.00
20260912,10028739263209,14,0,0.00,0.00,0.00,0.00,0.00,0.00,0.00
20260912,10027232387250,27,1,3.70,3.06,113.33,3.06,0.00,0.00,0.00
20260912,10028836069950,1,0,0.00,0.00,0.00,0.00,0.00,0.00,0.00
20260912,10027321997492,546,30,5.49,23.94,43.85,0.80,3.33,169.00,7.06
20260912,10026348284934,30,3,10.00,1.17,39.00,0.39,0.00,0.00,0.00
20260912,10027048961128,1018,63,6.19,51.90,50.98,0.82,7.94,208.50,4.02
20260912,10027448617071,100,3,3.00,1.08,10.80,0.36,0.00,0.00,0.00
20260912,10030562418205,4,0,0.00,0.00,0.00,0.00,0.00,0.00,0.00
20260912,10028330884937,72,0,0.00,0.00,0.00,0.00,0.00,0.00,0.00
20260912,10028565601646,38,0,0.00,0.00,0.00,0.00,0.00,0.00,0.00
20260912,10026593256177,38,2,5.26,2.01,52.89,1.01,0.00,0.00,0.00
20260912,10026349808349,9,1,11.11,0.17,18.89,0.17,0.00,0.00,0.00
20260912,10030561436127,21,0,0.00,0.00,0.00,0.00,0.00,0.00,0.00
20260912,10027645847428,51,6,11.76,4.97,97.45,0.83,0.00,0.00,0.00
20260912,10029716841916,81,0,0.00,0.00,0.00,0.00,0.00,0.00,0.00
20260912,10026349026083,16,0,0.00,0.00,0.00,0.00,0.00,0.00,0.00
20260912,10028842048449,510,3,0.59,1.03,2.02,0.34,0.00,0.00,0.00
20260912,10027895106654,21,2,9.52,2.11,100.48,1.06,50.00,30.80,14.60
20260912,10027406248270,38,5,13.16,3.48,91.58,0.70,20.00,169.80,48.79
20260912,10027848497108,26,1,3.85,0.49,18.85,0.49,0.00,0.00,0.00
20260912,10028576203176,86,7,8.14,1.90,22.09,0.27,0.00,0.00,0.00
20260912,10026877922750,154,6,3.90,7.82,50.78,1.30,0.00,0.00,0.00
20260912,10026350498838,2,0,0.00,0.00,0.00,0.00,0.00,0.00,0.00
20260912,10032950336111,12,0,0.00,0.00,0.00,0.00,0.00,0.00,0.00
20260912,10028951723142,40,2,5.00,0.20,5.00,0.10,0.00,0.00,0.00
20260912,10026608095213,21,2,9.52,2.55,121.43,1.28,0.00,0.00,0.00
20260912,10026591974818,61,1,1.64,1.47,24.10,1.47,0.00,0.00,0.00
20260912,10026364056679,768,28,3.65,66.78,86.95,2.39,10.71,246.00,3.68
20260912,10027380998461,71,6,8.45,6.77,95.35,1.13,0.00,0.00,0.00
20260912,10033906996788,8,0,0.00,0.00,0.00,0.00,0.00,0.00,0.00
20260912,10027272712101,8,2,25.00,6.63,828.75,3.32,50.00,479.22,72.28
20260912,10030372593619,3,0,0.00,0.00,0.00,0.00,0.00,0.00,0.00
20260912,10026365993956,4,0,0.00,0.00,0.00,0.00,0.00,0.00,0.00
20260912,10029372321239,8,0,0.00,0.00,0.00,0.00,0.00,0.00,0.00
20260912,10027322451954,207,5,2.42,3.27,15.80,0.65,0.00,0.00,0.00
20260912,10028738684573,7,0,0.00,0.00,0.00,0.00,0.00,0.00,0.00
20260912,10029002277307,13,0,0.00,0.00,0.00,0.00,0.00,0.00,0.00
20260912,10027346224350,174,3,1.72,0.83,4.77,0.28,0.00,0.00,0.00
20260912,10026679887041,10,0,0.00,0.00,0.00,0.00,0.00,0.00,0.00
20260912,10026876601221,72,5,6.94,8.43,117.08,1.69,20.00,67.00,7.95
20260911,10027848219930,21,0,0.00,0.00,0.00,0.00,0.00,0.00,0.00
20260911,10026876169278,6,0,0.00,0.00,0.00,0.00,0.00,0.00,0.00
20260911,10027895106654,7,0,0.00,0.00,0.00,0.00,0.00,0.00,0.00
20260911,10026876601221,31,3,9.68,2.21,71.29,0.74,0.00,0.00,0.00
20260911,10028739263209,24,0,0.00,0.00,0.00,0.00,0.00,0.00,0.00
20260911,10026365993956,3,0,0.00,0.00,0.00,0.00,0.00,0.00,0.00
20260911,10026608095213,8,0,0.00,0.00,0.00,0.00,0.00,0.00,0.00
20260911,10027232387250,10,0,0.00,0.00,0.00,0.00,0.00,0.00,0.00
20260911,10028330884937,53,2,3.77,0.34,6.42,0.17,0.00,0.00,0.00
20260911,10030160165733,2,0,0.00,0.00,0.00,0.00,0.00,0.00,0.00
20260911,10026350366810,15,1,6.67,0.98,65.33,0.98,100.00,15.10,15.41
20260911,10026592457848,43,1,2.33,0.10,2.33,0.10,0.00,0.00,0.00
20260911,10029372606487,3,0,0.00,0.00,0.00,0.00,0.00,0.00,0.00
20260911,10028842048449,36,1,2.78,0.30,8.33,0.30,0.00,0.00,0.00
20260911,10027406248270,26,1,3.85,3.73,143.46,3.73,0.00,0.00,0.00
20260911,10026593256177,19,0,0.00,0.00,0.00,0.00,0.00,0.00,0.00
20260911,10028576203176,44,1,2.27,0.46,10.45,0.46,0.00,0.00,0.00
20260911,10029716841916,69,4,5.80,0.88,12.75,0.22,0.00,0.00,0.00
20260911,10028565601646,16,0,0.00,0.00,0.00,0.00,0.00,0.00,0.00
20260911,10026591974818,4,0,0.00,0.00,0.00,0.00,0.00,0.00,0.00
20260911,10029372321239,7,2,28.57,1.63,232.86,0.82,0.00,0.00,0.00
20260911,10027048961128,363,23,6.34,12.10,33.33,0.53,13.04,107.70,8.90
20260911,10030561436127,18,1,5.56,1.27,70.56,1.27,100.00,858.00,675.59
20260911,10027322451954,130,11,8.46,8.98,69.08,0.82,0.00,0.00,0.00
20260911,10027346224350,81,3,3.70,2.47,30.49,0.82,0.00,0.00,0.00
20260911,10026877922750,83,5,6.02,5.63,67.83,1.13,0.00,0.00,0.00
20260911,10026364056679,712,26,3.65,96.49,135.52,3.71,7.69,116.00,1.20
20260911,10027002957817,22,1,4.55,0.35,15.91,0.35,0.00,0.00,0.00
20260911,10026349026083,1,0,0.00,0.00,0.00,0.00,0.00,0.00,0.00
20260911,10028738684573,3,0,0.00,0.00,0.00,0.00,0.00,0.00,0.00
20260911,10032950336111,10,0,0.00,0.00,0.00,0.00,0.00,0.00,0.00
20260911,10027848497108,11,0,0.00,0.00,0.00,0.00,0.00,0.00,0.00
20260911,10026350825397,11,0,0.00,0.00,0.00,0.00,0.00,0.00,0.00
20260911,10026349808349,3,1,33.33,0.38,126.67,0.38,0.00,0.00,0.00
20260911,10027380998461,21,2,9.52,4.32,205.71,2.16,0.00,0.00,0.00
20260911,10033906996788,1,0,0.00,0.00,0.00,0.00,0.00,0.00,0.00
20260911,10028951723142,28,1,3.57,0.31,11.07,0.31,0.00,0.00,0.00
20260911,10026348284934,7,0,0.00,0.00,0.00,0.00,0.00,0.00,0.00
20260911,10030562418205,3,0,0.00,0.00,0.00,0.00,0.00,0.00,0.00
20260911,10030372593619,2,0,0.00,0.00,0.00,0.00,0.00,0.00,0.00
20260911,10027448617071,16,0,0.00,0.00,0.00,0.00,0.00,0.00,0.00
20260911,10027645847428,65,2,3.08,3.78,58.15,1.89,0.00,0.00,0.00
20260911,10029002277307,3,0,0.00,0.00,0.00,0.00,0.00,0.00,0.00
20260911,10027321997492,270,15,5.56,12.16,45.04,0.81,0.00,0.00,0.00
20260911,10026679887041,6,0,0.00,0.00,0.00,0.00,0.00,0.00,0.00
20260909,10027272712101,3,0,0.00,0.00,0.00,0.00,0.00,0.00,0.00
20260909,10028836069950,2,0,0.00,0.00,0.00,0.00,0.00,0.00,0.00
20260909,10026679887041,47,2,4.26,3.14,66.81,1.57,0.00,0.00,0.00
20260909,10030372593619,3,0,0.00,0.00,0.00,0.00,0.00,0.00,0.00
20260909,10027321997492,409,14,3.42,6.60,16.14,0.47,0.00,0.00,0.00
20260909,10028576203176,90,8,8.89,5.79,64.33,0.72,0.00,0.00,0.00
20260909,10026348284934,23,1,4.35,2.43,105.65,2.43,0.00,0.00,0.00
20260909,10027322451954,194,4,2.06,3.93,20.26,0.98,0.00,0.00,0.00
20260909,10028565601646,31,0,0.00,0.00,0.00,0.00,0.00,0.00,0.00
20260909,10026592457848,81,10,12.35,22.06,272.35,2.21,10.00,214.00,9.70
20260909,10026350366810,41,3,7.32,4.28,104.39,1.43,33.33,15.10,3.53
20260909,10026349808349,12,0,0.00,0.00,0.00,0.00,0.00,0.00,0.00
20260909,10027848497108,15,0,0.00,0.00,0.00,0.00,0.00,0.00,0.00
20260909,10027380998461,39,2,5.13,5.80,148.72,2.90,0.00,0.00,0.00
20260909,10026349026083,12,0,0.00,0.00,0.00,0.00,0.00,0.00,0.00
20260909,10027645847428,38,1,2.63,0.53,13.95,0.53,0.00,0.00,0.00
20260909,10027346224350,134,4,2.99,1.83,13.66,0.46,0.00,0.00,0.00
20260909,10027232387250,5,0,0.00,0.00,0.00,0.00,0.00,0.00,0.00
20260909,10033906996788,5,0,0.00,0.00,0.00,0.00,0.00,0.00,0.00
20260909,10026877922750,76,6,7.89,14.01,184.34,2.34,16.67,37.90,2.71
20260909,10028738684573,3,0,0.00,0.00,0.00,0.00,0.00,0.00,0.00
20260909,10027406248270,33,0,0.00,0.00,0.00,0.00,0.00,0.00,0.00
20260909,10029002277307,4,0,0.00,0.00,0.00,0.00,0.00,0.00,0.00
20260909,10027448617071,47,2,4.26,0.88,18.72,0.44,0.00,0.00,0.00
20260909,10026350498838,1,0,0.00,0.00,0.00,0.00,0.00,0.00,0.00
20260909,10029372606487,3,0,0.00,0.00,0.00,0.00,0.00,0.00,0.00
20260909,10028842048449,95,6,6.32,1.70,17.89,0.28,16.67,9.80,5.76
20260909,10027848219930,21,0,0.00,0.00,0.00,0.00,0.00,0.00,0.00
20260909,10027895106654,7,0,0.00,0.00,0.00,0.00,0.00,0.00,0.00
20260909,10028330884937,74,1,1.35,0.10,1.35,0.10,0.00,0.00,0.00
20260909,10027002957817,26,2,7.69,0.23,8.85,0.12,0.00,0.00,0.00
20260909,10026876169278,17,1,5.88,0.24,14.12,0.24,0.00,0.00,0.00
20260909,10026591974818,9,0,0.00,0.00,0.00,0.00,0.00,0.00,0.00
20260909,10029372321239,5,0,0.00,0.00,0.00,0.00,0.00,0.00,0.00
20260909,10026365556265,1,1,100.00,0.42,420.00,0.42,0.00,0.00,0.00
20260909,10028739263209,9,0,0.00,0.00,0.00,0.00,0.00,0.00,0.00
20260909,10030562418205,6,0,0.00,0.00,0.00,0.00,0.00,0.00,0.00
20260909,10026593256177,70,1,1.43,2.72,38.86,2.72,0.00,0.00,0.00
20260909,10032950336111,10,0,0.00,0.00,0.00,0.00,0.00,0.00,0.00
20260909,10029716841916,126,8,6.35,3.46,27.46,0.43,0.00,0.00,0.00
20260909,10028951723142,17,0,0.00,0.00,0.00,0.00,0.00,0.00,0.00
20260909,10027048961128,723,43,5.95,35.37,48.92,0.82,4.65,89.80,2.54
20260909,10026365993956,2,0,0.00,0.00,0.00,0.00,0.00,0.00,0.00
20260909,10030561436127,43,1,2.33,0.53,12.33,0.53,0.00,0.00,0.00
20260909,10026364056679,660,28,4.24,79.50,120.45,2.84,3.57,43.00,0.54
20260909,10026350825397,18,0,0.00,0.00,0.00,0.00,0.00,0.00,0.00
20260909,10026608095213,16,0,0.00,0.00,0.00,0.00,0.00,0.00,0.00
20260909,10026876601221,67,3,4.48,3.99,59.55,1.33,66.67,154.00,38.60
20260908,10026364056679,977,31,3.17,52.74,53.98,1.70,3.23,60.00,1.14
20260908,10027321997492,1179,52,4.41,42.32,35.89,0.81,3.85,519.80,12.28
20260908,10030562418205,6,0,0.00,0.00,0.00,0.00,0.00,0.00,0.00
20260908,10026348284934,27,2,7.41,1.51,55.93,0.76,0.00,0.00,0.00
20260908,10030561436127,89,0,0.00,0.00,0.00,0.00,0.00,0.00,0.00
20260908,10027406248270,77,2,2.60,2.13,27.66,1.07,0.00,0.00,0.00
20260908,10027448617071,62,2,3.23,1.49,24.03,0.75,0.00,0.00,0.00
20260908,10026349808349,9,0,0.00,0.00,0.00,0.00,0.00,0.00,0.00
20260908,10030372593619,2,0,0.00,0.00,0.00,0.00,0.00,0.00,0.00
20260908,10027272712101,19,0,0.00,0.00,0.00,0.00,0.00,0.00,0.00
20260908,10026350230290,3,0,0.00,0.00,0.00,0.00,0.00,0.00,0.00
20260908,10026876601221,113,8,7.08,3.36,29.73,0.42,0.00,0.00,0.00
20260908,10027380998461,102,3,2.94,3.20,31.37,1.07,0.00,0.00,0.00
20260908,10028951723142,42,1,2.38,0.31,7.38,0.31,0.00,0.00,0.00
20260908,10028842048449,193,2,1.04,0.25,1.30,0.13,0.00,0.00,0.00
20260908,10028738684573,4,0,0.00,0.00,0.00,0.00,0.00,0.00,0.00
20260908,10029716841916,170,5,2.94,1.39,8.18,0.28,0.00,0.00,0.00
20260908,10027848219930,80,1,1.25,0.45,5.63,0.45,0.00,0.00,0.00
20260908,10027232387250,17,0,0.00,0.00,0.00,0.00,0.00,0.00,0.00
20260908,10026350498838,5,0,0.00,0.00,0.00,0.00,0.00,0.00,0.00
20260908,10026608095213,32,0,0.00,0.00,0.00,0.00,0.00,0.00,0.00
20260908,10026349026083,11,1,9.09,0.85,77.27,0.85,0.00,0.00,0.00
20260908,10026679887041,28,2,7.14,0.42,15.00,0.21,0.00,0.00,0.00
20260908,10027848497108,57,2,3.51,0.53,9.30,0.27,0.00,0.00,0.00
20260908,10029372321239,13,0,0.00,0.00,0.00,0.00,0.00,0.00,0.00
20260908,10028576203176,224,8,3.57,9.48,42.32,1.19,0.00,0.00,0.00
20260908,10029372606487,14,0,0.00,0.00,0.00,0.00,0.00,0.00,0.00
20260908,10026877922750,120,11,9.17,9.21,76.75,0.84,0.00,0.00,0.00
20260908,10028330884937,201,9,4.48,6.93,34.48,0.77,0.00,0.00,0.00
20260908,10026592457848,128,4,3.13,5.00,39.06,1.25,0.00,0.00,0.00
20260908,10027322451954,378,7,1.85,3.91,10.34,0.56,0.00,0.00,0.00
20260908,10026350825397,24,1,4.17,0.15,6.25,0.15,0.00,0.00,0.00
20260908,10026591974818,38,1,2.63,0.71,18.68,0.71,0.00,0.00,0.00
20260908,10027346224350,425,16,3.76,20.31,47.79,1.27,0.00,0.00,0.00
20260908,10027002957817,73,5,6.85,1.88,25.75,0.38,0.00,0.00,0.00
20260908,10026365993956,10,0,0.00,0.00,0.00,0.00,0.00,0.00,0.00
20260908,10027048961128,1517,77,5.08,66.72,43.98,0.87,9.09,267.30,4.01
20260908,10028565601646,68,1,1.47,0.47,6.91,0.47,0.00,0.00,0.00
20260908,10026876169278,40,2,5.00,1.34,33.50,0.67,0.00,0.00,0.00
20260908,10029002277307,11,2,18.18,3.78,343.64,1.89,0.00,0.00,0.00
20260908,10027645847428,128,0,0.00,0.00,0.00,0.00,0.00,0.00,0.00
20260908,10033906996788,3,0,0.00,0.00,0.00,0.00,0.00,0.00,0.00
20260908,10030160165733,1,0,0.00,0.00,0.00,0.00,0.00,0.00,0.00
20260908,10026365556265,2,0,0.00,0.00,0.00,0.00,0.00,0.00,0.00
20260908,10027895106654,21,0,0.00,0.00,0.00,0.00,0.00,0.00,0.00
20260908,10026350366810,43,3,6.98,6.75,156.98,2.25,33.33,32.11,4.76
20260908,10028739263209,30,1,3.33,2.11,70.33,2.11,0.00,0.00,0.00
20260908,10032950336111,16,0,0.00,0.00,0.00,0.00,0.00,0.00,0.00
20260908,10026593256177,60,2,3.33,6.43,107.17,3.22,50.00,39.90,6.21
20260907,10028836069950,2,0,0.00,0.00,0.00,0.00,0.00,0.00,0.00
20260907,10028739263209,17,0,0.00,0.00,0.00,0.00,0.00,0.00,0.00
20260907,10026350366810,81,1,1.23,0.42,5.19,0.42,0.00,0.00,0.00
20260907,10026876169278,59,4,6.78,4.01,67.97,1.00,0.00,0.00,0.00
20260907,10027232387250,29,1,3.45,1.90,65.52,1.90,0.00,0.00,0.00
20260907,10026592457848,193,14,7.25,20.42,105.80,1.46,0.00,0.00,0.00
20260907,10027322451954,386,6,1.55,13.40,34.72,2.23,0.00,0.00,0.00
20260907,10027272712101,27,2,7.41,1.07,39.63,0.54,0.00,0.00,0.00
20260907,10026876601221,150,12,8.00,11.48,76.53,0.96,8.33,88.00,7.67
20260907,10030561436127,169,0,0.00,0.00,0.00,0.00,0.00,0.00,0.00
20260907,10026350825397,23,0,0.00,0.00,0.00,0.00,0.00,0.00,0.00
20260907,10026593256177,101,7,6.93,7.63,75.54,1.09,0.00,0.00,0.00
20260907,10027448617071,147,4,2.72,5.11,34.76,1.28,0.00,0.00,0.00
20260907,10029372606487,2,0,0.00,0.00,0.00,0.00,0.00,0.00,0.00
20260907,10028565601646,87,0,0.00,0.00,0.00,0.00,0.00,0.00,0.00
20260907,10028576203176,198,11,5.56,9.92,50.10,0.90,9.09,59.90,6.04
20260907,10027895106654,41,1,2.44,0.99,24.15,0.99,0.00,0.00,0.00
20260907,10027380998461,182,6,3.30,16.19,88.96,2.70,16.67,203.00,12.54
20260907,10026350230290,2,0,0.00,0.00,0.00,0.00,0.00,0.00,0.00
20260907,10026365993956,6,0,0.00,0.00,0.00,0.00,0.00,0.00,0.00
20260907,10032950336111,23,0,0.00,0.00,0.00,0.00,0.00,0.00,0.00
20260907,10026364056679,530,25,4.72,13.33,25.15,0.53,0.00,0.00,0.00
20260907,10029002277307,13,0,0.00,0.00,0.00,0.00,0.00,0.00,0.00
20260907,10026349026083,9,0,0.00,0.00,0.00,0.00,0.00,0.00,0.00
20260907,10027048961128,1763,70,3.97,85.36,48.42,1.22,2.86,46.80,0.55
20260907,10027848497108,40,0,0.00,0.00,0.00,0.00,0.00,0.00,0.00
20260907,10030372593619,2,0,0.00,0.00,0.00,0.00,0.00,0.00,0.00
20260907,10028842048449,121,10,8.26,7.81,64.55,0.78,0.00,0.00,0.00
20260907,10026349808349,18,1,5.56,0.26,14.44,0.26,0.00,0.00,0.00
20260907,10030160165733,2,0,0.00,0.00,0.00,0.00,0.00,0.00,0.00
20260907,10026591974818,45,1,2.22,3.29,73.11,3.29,0.00,0.00,0.00
20260907,10026877922750,110,4,3.64,5.88,53.45,1.47,0.00,0.00,0.00
20260907,10033906996788,6,0,0.00,0.00,0.00,0.00,0.00,0.00,0.00
20260907,10027346224350,250,15,6.00,24.44,97.76,1.63,6.67,208.00,8.51
20260907,10028738684573,3,0,0.00,0.00,0.00,0.00,0.00,0.00,0.00
20260907,10026350498838,4,0,0.00,0.00,0.00,0.00,0.00,0.00,0.00
20260907,10026608095213,33,2,6.06,6.85,207.58,3.43,0.00,0.00,0.00
20260907,10027321997492,1712,85,4.96,108.83,63.57,1.28,2.35,469.80,4.32
20260907,10027002957817,49,4,8.16,0.69,14.08,0.17,0.00,0.00,0.00
20260907,10030562418205,9,0,0.00,0.00,0.00,0.00,0.00,0.00,0.00
20260907,10026679887041,39,0,0.00,0.00,0.00,0.00,0.00,0.00,0.00
20260907,10027645847428,142,1,0.70,2.33,16.41,2.33,0.00,0.00,0.00
20260907,10028330884937,203,8,3.94,16.45,81.03,2.06,0.00,0.00,0.00
20260907,10026348284934,43,2,4.65,1.98,46.05,0.99,0.00,0.00,0.00
20260907,10027848219930,44,0,0.00,0.00,0.00,0.00,0.00,0.00,0.00
20260907,10029372321239,10,0,0.00,0.00,0.00,0.00,0.00,0.00,0.00
20260907,10029716841916,160,7,4.38,4.22,26.38,0.60,0.00,0.00,0.00
20260907,10028951723142,34,1,2.94,0.46,13.53,0.46,0.00,0.00,0.00
20260907,10027406248270,65,0,0.00,0.00,0.00,0.00,0.00,0.00,0.00
20260906,10027448617071,73,8,10.96,5.06,69.32,0.63,0.00,0.00,0.00
20260906,10030372593619,1,0,0.00,0.00,0.00,0.00,0.00,0.00,0.00
20260906,10027232387250,29,2,6.90,3.55,122.41,1.78,0.00,0.00,0.00
20260906,10026365556265,1,0,0.00,0.00,0.00,0.00,0.00,0.00,0.00
20260906,10028576203176,116,8,6.90,8.68,74.83,1.09,12.50,99.90,11.51
20260906,10028842048449,202,11,5.45,3.56,17.62,0.32,0.00,0.00,0.00
20260906,10030561436127,133,1,0.75,0.97,7.29,0.97,0.00,0.00,0.00
20260906,10027645847428,66,5,7.58,18.02,273.03,3.60,0.00,0.00,0.00
20260906,10026364056679,773,40,5.17,26.57,34.37,0.66,7.50,242.00,9.11
20260906,10030160165733,3,0,0.00,0.00,0.00,0.00,0.00,0.00,0.00
20260906,10027002957817,106,6,5.66,2.13,20.09,0.36,0.00,0.00,0.00
20260906,10028738684573,2,0,0.00,0.00,0.00,0.00,0.00,0.00,0.00
20260906,10027886420869,3,0,0.00,0.00,0.00,0.00,0.00,0.00,0.00
20260906,10030562418205,2,0,0.00,0.00,0.00,0.00,0.00,0.00,0.00
20260906,10026876169278,54,6,11.11,11.48,212.59,1.91,33.33,226.00,19.69
20260906,10029002277307,19,1,5.26,2.45,128.95,2.45,0.00,0.00,0.00
20260906,10027848497108,43,0,0.00,0.00,0.00,0.00,0.00,0.00,0.00
20260906,10029716841916,171,5,2.92,6.36,37.19,1.27,0.00,0.00,0.00
20260906,10026877922750,111,6,5.41,2.15,19.37,0.36,0.00,0.00,0.00
20260906,10026350230290,1,0,0.00,0.00,0.00,0.00,0.00,0.00,0.00
20260906,10028836069950,1,0,0.00,0.00,0.00,0.00,0.00,0.00,0.00
20260906,10027322451954,396,11,2.78,15.32,38.69,1.39,0.00,0.00,0.00
20260906,10026349026083,22,1,4.55,2.93,133.18,2.93,0.00,0.00,0.00
20260906,10033906996788,18,1,5.56,1.26,70.00,1.26,0.00,0.00,0.00
20260906,10026350366810,97,5,5.15,2.30,23.71,0.46,0.00,0.00,0.00
20260906,10028565601646,60,1,1.67,0.46,7.67,0.46,0.00,0.00,0.00
20260906,10027272712101,18,0,0.00,0.00,0.00,0.00,0.00,0.00,0.00
20260906,10026348284934,21,1,4.76,0.19,9.05,0.19,0.00,0.00,0.00
20260906,10026591974818,59,3,5.08,1.98,33.56,0.66,0.00,0.00,0.00
20260906,10026365993956,5,0,0.00,0.00,0.00,0.00,0.00,0.00,0.00
20260906,10028951723142,29,2,6.90,2.47,85.17,1.24,0.00,0.00,0.00
20260906,10028739263209,24,0,0.00,0.00,0.00,0.00,0.00,0.00,0.00
20260906,10027048961128,2226,85,3.82,96.05,43.15,1.13,7.06,154.40,1.61
20260906,10026608095213,15,0,0.00,0.00,0.00,0.00,0.00,0.00,0.00
20260906,10029372606487,8,0,0.00,0.00,0.00,0.00,0.00,0.00,0.00
20260906,10027346224350,225,11,4.89,11.96,53.16,1.09,0.00,0.00,0.00
20260906,10027321997492,1839,74,4.02,97.46,53.00,1.32,2.70,534.80,5.49
20260906,10029372321239,38,0,0.00,0.00,0.00,0.00,0.00,0.00,0.00
20260906,10027380998461,81,0,0.00,0.00,0.00,0.00,0.00,0.00,0.00
20260906,10032950336111,17,1,5.88,0.53,31.18,0.53,0.00,0.00,0.00
20260906,10026592457848,162,8,4.94,20.31,125.37,2.54,0.00,0.00,0.00
20260906,10026876601221,115,7,6.09,5.29,46.00,0.76,0.00,0.00,0.00
20260906,10028330884937,123,5,4.07,6.95,56.50,1.39,0.00,0.00,0.00
20260906,10026679887041,40,0,0.00,0.00,0.00,0.00,0.00,0.00,0.00
20260906,10026593256177,88,3,3.41,3.03,34.43,1.01,0.00,0.00,0.00
20260906,10027848219930,61,2,3.28,2.67,43.77,1.34,50.00,138.80,51.99
20260906,10026350825397,213,4,1.88,1.23,5.77,0.31,25.00,169.10,137.48
20260906,10026349808349,52,4,7.69,5.77,110.96,1.44,0.00,0.00,0.00
20260906,10027406248270,123,1,0.81,6.24,50.73,6.24,0.00,0.00,0.00
20260906,10027895106654,23,2,8.70,0.52,22.61,0.26,0.00,0.00,0.00
20260905,10027272712101,16,1,6.25,2.51,156.88,2.51,0.00,0.00,0.00
20260905,10026350825397,127,2,1.57,3.87,30.47,1.94,50.00,169.10,43.70
20260905,10026591974818,19,0,0.00,0.00,0.00,0.00,0.00,0.00,0.00
20260905,10027645847428,99,6,6.06,22.81,230.40,3.80,16.67,458.00,20.08
20260905,10029372606487,10,0,0.00,0.00,0.00,0.00,0.00,0.00,0.00
20260905,10028576203176,60,2,3.33,4.59,76.50,2.30,50.00,99.90,21.76
20260905,10027002957817,56,5,8.93,10.83,193.39,2.17,20.00,38.00,3.51
20260905,10027346224350,215,4,1.86,10.98,51.07,2.75,0.00,0.00,0.00
20260905,10028836069950,6,0,0.00,0.00,0.00,0.00,0.00,0.00,0.00
20260905,10026876601221,127,11,8.66,19.30,151.97,1.75,0.00,0.00,0.00
20260905,10026350366810,58,3,5.17,1.71,29.48,0.57,33.33,15.10,8.83
20260905,10026349808349,33,0,0.00,0.00,0.00,0.00,0.00,0.00,0.00
20260905,10027406248270,67,0,0.00,0.00,0.00,0.00,0.00,0.00,0.00
20260905,10026348284934,21,1,4.76,0.18,8.57,0.18,0.00,0.00,0.00
20260905,10027448617071,66,2,3.03,0.45,6.82,0.23,0.00,0.00,0.00
20260905,10026877922750,82,3,3.66,3.43,41.83,1.14,0.00,0.00,0.00
20260905,10027048961128,1428,63,4.41,94.29,66.03,1.50,3.17,76.80,0.81
20260905,10027232387250,18,0,0.00,0.00,0.00,0.00,0.00,0.00,0.00
20260905,10026592457848,120,3,2.50,3.22,26.83,1.07,0.00,0.00,0.00
20260905,10027848219930,46,0,0.00,0.00,0.00,0.00,0.00,0.00,0.00
20260905,10028565601646,120,4,3.33,4.28,35.67,1.07,0.00,0.00,0.00
20260905,10028739263209,46,2,4.35,6.40,139.13,3.20,0.00,0.00,0.00
20260905,10026876169278,23,1,4.35,0.17,7.39,0.17,0.00,0.00,0.00
20260905,10027848497108,91,0,0.00,0.00,0.00,0.00,0.00,0.00,0.00
20260905,10028738684573,6,0,0.00,0.00,0.00,0.00,0.00,0.00,0.00
20260905,10027895106654,32,1,3.13,2.57,80.31,2.57,0.00,0.00,0.00
20260905,10026365993956,4,0,0.00,0.00,0.00,0.00,0.00,0.00,0.00
20260905,10026593256177,54,5,9.26,16.11,298.33,3.22,20.00,39.90,2.48
20260905,10027322451954,402,11,2.74,6.67,16.59,0.61,0.00,0.00,0.00
20260905,10029716841916,141,6,4.26,5.64,40.00,0.94,0.00,0.00,0.00
20260905,10030561436127,117,3,2.56,8.77,74.96,2.92,0.00,0.00,0.00
20260905,10026608095213,28,0,0.00,0.00,0.00,0.00,0.00,0.00,0.00
20260905,10029372321239,27,1,3.70,5.50,203.70,5.50,0.00,0.00,0.00
20260905,10029002277307,18,0,0.00,0.00,0.00,0.00,0.00,0.00,0.00
20260905,10028842048449,322,10,3.11,8.97,27.86,0.90,10.00,9.80,1.09
20260905,10026364056679,667,41,6.15,58.53,87.75,1.43,0.00,0.00,0.00
20260905,10033906996788,11,2,18.18,5.98,543.64,2.99,0.00,0.00,0.00
20260905,10028951723142,69,3,4.35,5.27,76.38,1.76,0.00,0.00,0.00
20260905,10028330884937,172,4,2.33,2.81,16.34,0.70,0.00,0.00,0.00
20260905,10027321997492,1502,51,3.40,77.92,51.88,1.53,3.92,276.40,3.55
20260905,10027380998461,77,4,5.19,8.95,116.23,2.24,0.00,0.00,0.00
20260905,10026349026083,10,0,0.00,0.00,0.00,0.00,0.00,0.00,0.00
20260905,10026679887041,28,1,3.57,0.26,9.29,0.26,0.00,0.00,0.00
20260905,10032950336111,9,0,0.00,0.00,0.00,0.00,0.00,0.00,0.00
20260904,10027406248270,32,1,3.13,4.70,146.88,4.70,0.00,0.00,0.00
20260904,10027346224350,143,8,5.59,12.76,89.23,1.60,0.00,0.00,0.00
20260904,10026349808349,10,0,0.00,0.00,0.00,0.00,0.00,0.00,0.00
20260904,10028739263209,15,3,20.00,15.07,1004.67,5.02,33.33,718.00,47.64
20260904,10033906996788,8,0,0.00,0.00,0.00,0.00,0.00,0.00,0.00
20260904,10026350230290,1,0,0.00,0.00,0.00,0.00,0.00,0.00,0.00
20260904,10026350498838,1,0,0.00,0.00,0.00,0.00,0.00,0.00,0.00
20260904,10028951723142,49,2,4.08,3.56,72.65,1.78,0.00,0.00,0.00
20260904,10027232387250,4,0,0.00,0.00,0.00,0.00,0.00,0.00,0.00
20260904,10032950336111,7,0,0.00,0.00,0.00,0.00,0.00,0.00,0.00
20260904,10027002957817,29,3,10.34,1.83,63.10,0.61,0.00,0.00,0.00
20260904,10027322451954,215,11,5.12,14.49,67.40,1.32,0.00,0.00,0.00
20260904,10027848497108,51,1,1.96,3.81,74.71,3.81,0.00,0.00,0.00
20260904,10026593256177,64,1,1.56,1.91,29.84,1.91,0.00,0.00,0.00
20260904,10028836069950,3,0,0.00,0.00,0.00,0.00,0.00,0.00,0.00
20260904,10029372321239,16,0,0.00,0.00,0.00,0.00,0.00,0.00,0.00
20260904,10026365993956,3,0,0.00,0.00,0.00,0.00,0.00,0.00,0.00
20260904,10026349026083,12,0,0.00,0.00,0.00,0.00,0.00,0.00,0.00
20260904,10030562418205,5,0,0.00,0.00,0.00,0.00,0.00,0.00,0.00
20260904,10026350366810,26,0,0.00,0.00,0.00,0.00,0.00,0.00,0.00
20260904,10026876169278,25,0,0.00,0.00,0.00,0.00,0.00,0.00,0.00
20260904,10030561436127,66,5,7.58,17.88,270.91,3.58,40.00,1674.00,93.62
20260904,10027321997492,961,55,5.72,84.14,87.55,1.53,3.64,835.80,9.93
20260904,10027645847428,72,2,2.78,4.60,63.89,2.30,0.00,0.00,0.00
20260904,10026877922750,72,6,8.33,13.31,184.86,2.22,16.67,37.90,2.85
20260904,10029716841916,99,1,1.01,3.92,39.60,3.92,0.00,0.00,0.00
20260904,10026591974818,29,1,3.45,3.72,128.28,3.72,0.00,0.00,0.00
20260904,10028565601646,38,3,7.89,9.37,246.58,3.12,0.00,0.00,0.00
20260904,10027272712101,21,0,0.00,0.00,0.00,0.00,0.00,0.00,0.00
20260904,10027895106654,26,1,3.85,0.55,21.15,0.55,200.00,166.70,303.09
20260904,10026350825397,60,1,1.67,0.93,15.50,0.93,0.00,0.00,0.00
20260904,10028576203176,63,6,9.52,8.67,137.62,1.45,16.67,59.90,6.91
20260904,10027448617071,25,1,4.00,2.13,85.20,2.13,0.00,0.00,0.00
20260904,10027848219930,20,0,0.00,0.00,0.00,0.00,0.00,0.00,0.00
20260904,10026592457848,139,7,5.04,6.19,44.53,0.88,0.00,0.00,0.00
20260904,10030372593619,1,0,0.00,0.00,0.00,0.00,0.00,0.00,0.00
20260904,10026679887041,8,0,0.00,0.00,0.00,0.00,0.00,0.00,0.00
20260904,10027380998461,101,4,3.96,5.44,53.86,1.36,50.00,140.00,25.74
20260904,10027048961128,881,48,5.45,91.07,103.37,1.90,10.42,119.40,1.31
20260904,10026365556265,3,0,0.00,0.00,0.00,0.00,0.00,0.00,0.00
20260904,10026876601221,73,7,9.59,21.73,297.67,3.10,0.00,0.00,0.00
20260904,10027886420869,4,0,0.00,0.00,0.00,0.00,0.00,0.00,0.00
20260904,10028842048449,46,6,13.04,9.75,211.96,1.63,50.00,29.40,3.02
20260904,10026364056679,362,32,8.84,37.78,104.36,1.18,0.00,0.00,0.00
20260904,10026608095213,15,0,0.00,0.00,0.00,0.00,0.00,0.00,0.00
20260904,10028330884937,118,5,4.24,9.47,80.25,1.89,0.00,0.00,0.00
20260904,10026348284934,23,1,4.35,1.96,85.22,1.96,0.00,0.00,0.00
20260904,10029002277307,7,0,0.00,0.00,0.00,0.00,0.00,0.00,0.00
20260904,10029372606487,10,0,0.00,0.00,0.00,0.00,0.00,0.00,0.00
20260903,10026349026083,3,0,0.00,0.00,0.00,0.00,0.00,0.00,0.00
20260903,10028739263209,3,0,0.00,0.00,0.00,0.00,0.00,0.00,0.00
20260903,10032950336111,9,0,0.00,0.00,0.00,0.00,0.00,0.00,0.00
20260903,10027848497108,20,0,0.00,0.00,0.00,0.00,0.00,0.00,0.00
20260903,10026348284934,7,0,0.00,0.00,0.00,0.00,0.00,0.00,0.00
20260903,10027002957817,7,0,0.00,0.00,0.00,0.00,0.00,0.00,0.00
20260903,10027272712101,10,2,20.00,4.01,401.00,2.01,0.00,0.00,0.00
20260903,10027048961128,607,33,5.44,32.12,52.92,0.97,18.18,193.40,6.02
20260903,10026608095213,15,1,6.67,2.51,167.33,2.51,0.00,0.00,0.00
20260903,10026591974818,19,1,5.26,2.37,124.74,2.37,0.00,0.00,0.00
20260903,10026876601221,25,4,16.00,0.99,39.60,0.25,0.00,0.00,0.00
20260903,10028836069950,1,0,0.00,0.00,0.00,0.00,0.00,0.00,0.00
20260903,10026592457848,80,6,7.50,7.85,98.13,1.31,100.00,479.90,61.13
20260903,10030372593619,10,0,0.00,0.00,0.00,0.00,0.00,0.00,0.00
20260903,10027232387250,3,0,0.00,0.00,0.00,0.00,0.00,0.00,0.00
20260903,10027322451954,86,4,4.65,7.37,85.70,1.84,0.00,0.00,0.00
20260903,10029716841916,48,2,4.17,0.89,18.54,0.45,0.00,0.00,0.00
20260903,10026364056679,185,6,3.24,5.59,30.22,0.93,0.00,0.00,0.00
20260903,10026365993956,2,1,50.00,0.42,210.00,0.42,0.00,0.00,0.00
20260903,10027346224350,66,1,1.52,0.23,3.48,0.23,0.00,0.00,0.00
20260903,10030561436127,40,0,0.00,0.00,0.00,0.00,0.00,0.00,0.00
20260903,10026349808349,4,0,0.00,0.00,0.00,0.00,0.00,0.00,0.00
20260903,10026593256177,44,4,9.09,2.15,48.86,0.54,0.00,0.00,0.00
20260903,10027406248270,25,1,4.00,0.79,31.60,0.79,0.00,0.00,0.00
20260903,10030562418205,1,0,0.00,0.00,0.00,0.00,0.00,0.00,0.00
20260903,10029372606487,16,2,12.50,1.10,68.75,0.55,0.00,0.00,0.00
20260903,10029002277307,6,0,0.00,0.00,0.00,0.00,0.00,0.00,0.00
20260903,10027645847428,57,0,0.00,0.00,0.00,0.00,0.00,0.00,0.00
20260903,10026350825397,84,7,8.33,11.53,137.26,1.65,28.57,338.20,29.33
20260903,10026876169278,15,1,6.67,3.04,202.67,3.04,0.00,0.00,0.00
20260903,10028576203176,60,7,11.67,5.27,87.83,0.75,14.29,99.90,18.96
20260903,10026350366810,46,4,8.70,2.49,54.13,0.62,25.00,15.10,6.06
20260903,10028738684573,1,0,0.00,0.00,0.00,0.00,0.00,0.00,0.00
20260903,10027380998461,21,0,0.00,0.00,0.00,0.00,0.00,0.00,0.00
20260903,10027848219930,29,0,0.00,0.00,0.00,0.00,0.00,0.00,0.00
20260903,10033906996788,4,0,0.00,0.00,0.00,0.00,0.00,0.00,0.00
20260903,10027895106654,2,0,0.00,0.00,0.00,0.00,0.00,0.00,0.00
20260903,10029372321239,6,0,0.00,0.00,0.00,0.00,0.00,0.00,0.00
20260903,10026679887041,10,0,0.00,0.00,0.00,0.00,0.00,0.00,0.00
20260903,10028330884937,31,0,0.00,0.00,0.00,0.00,0.00,0.00,0.00
20260903,10026877922750,54,4,7.41,2.97,55.00,0.74,25.00,18.90,6.36
20260903,10028842048449,73,1,1.37,3.74,51.23,3.74,0.00,0.00,0.00
20260903,10028565601646,63,3,4.76,4.83,76.67,1.61,33.33,104.90,21.72
20260903,10027448617071,58,4,6.90,6.27,108.10,1.57,0.00,0.00,0.00
20260903,10027321997492,585,34,5.81,48.81,83.44,1.44,2.94,129.00,2.64
20260903,10027886420869,1,0,0.00,0.00,0.00,0.00,0.00,0.00,0.00
20260903,10028951723142,15,2,13.33,0.71,47.33,0.36,0.00,0.00,0.00
20260902,10027322451954,301,18,5.98,20.58,68.37,1.14,0.00,0.00,0.00
20260902,10028951723142,23,1,4.35,0.53,23.04,0.53,0.00,0.00,0.00
20260902,10026350366810,31,2,6.45,0.20,6.45,0.10,0.00,0.00,0.00
20260902,10026608095213,32,2,6.25,3.07,95.94,1.54,0.00,0.00,0.00
20260902,10027346224350,152,13,8.55,4.13,27.17,0.32,0.00,0.00,0.00
20260902,10026348284934,33,1,3.03,0.30,9.09,0.30,0.00,0.00,0.00
20260902,10030562418205,1,0,0.00,0.00,0.00,0.00,0.00,0.00,0.00
20260902,10027002957817,32,2,6.25,0.20,6.25,0.10,0.00,0.00,0.00
20260902,10026365993956,3,0,0.00,0.00,0.00,0.00,0.00,0.00,0.00
20260902,10026364056679,656,32,4.88,58.34,88.93,1.82,15.63,315.91,5.41
20260902,10028738684573,8,0,0.00,0.00,0.00,0.00,0.00,0.00,0.00
20260902,10028330884937,99,2,2.02,0.31,3.13,0.16,0.00,0.00,0.00
20260902,10027848497108,65,1,1.54,0.10,1.54,0.10,0.00,0.00,0.00
20260902,10026349026083,5,0,0.00,0.00,0.00,0.00,0.00,0.00,0.00
20260902,10028565601646,68,0,0.00,0.00,0.00,0.00,0.00,0.00,0.00
20260902,10026350498838,2,0,0.00,0.00,0.00,0.00,0.00,0.00,0.00
20260902,10029372606487,9,0,0.00,0.00,0.00,0.00,0.00,0.00,0.00
20260902,10028842048449,120,6,5.00,1.15,9.58,0.19,0.00,0.00,0.00
20260902,10027848219930,60,4,6.67,6.60,110.00,1.65,0.00,0.00,0.00
20260902,10027895106654,33,3,9.09,1.11,33.64,0.37,0.00,0.00,0.00
20260902,10026876601221,123,10,8.13,11.38,92.52,1.14,0.00,0.00,0.00
20260902,10029716841916,141,8,5.67,12.91,91.56,1.61,12.50,233.00,18.05
20260902,10033906996788,7,0,0.00,0.00,0.00,0.00,0.00,0.00,0.00
20260902,10027886420869,2,1,50.00,0.86,430.00,0.86,0.00,0.00,0.00
20260902,10027448617071,79,0,0.00,0.00,0.00,0.00,0.00,0.00,0.00
20260902,10028836069950,1,0,0.00,0.00,0.00,0.00,0.00,0.00,0.00
20260902,10026876169278,61,3,4.92,0.36,5.90,0.12,0.00,0.00,0.00
20260902,10026349808349,18,0,0.00,0.00,0.00,0.00,0.00,0.00,0.00
20260902,10027645847428,148,8,5.41,17.83,120.47,2.23,0.00,0.00,0.00
20260902,10027232387250,15,0,0.00,0.00,0.00,0.00,0.00,0.00,0.00
20260902,10026350825397,50,0,0.00,0.00,0.00,0.00,0.00,0.00,0.00
20260902,10026877922750,99,5,5.05,3.96,40.00,0.79,0.00,0.00,0.00
20260902,10027406248270,47,2,4.26,4.46,94.89,2.23,0.00,0.00,0.00
20260902,10029002277307,16,1,6.25,1.48,92.50,1.48,0.00,0.00,0.00
20260902,10026591974818,43,1,2.33,2.24,52.09,2.24,0.00,0.00,0.00
20260902,10028739263209,24,0,0.00,0.00,0.00,0.00,0.00,0.00,0.00
20260902,10028576203176,127,4,3.15,5.24,41.26,1.31,0.00,0.00,0.00
20260902,10026365556265,11,0,0.00,0.00,0.00,0.00,0.00,0.00,0.00
20260902,10027272712101,7,0,0.00,0.00,0.00,0.00,0.00,0.00,0.00
20260902,10029372321239,10,0,0.00,0.00,0.00,0.00,0.00,0.00,0.00
20260902,10027048961128,1367,82,6.00,56.24,41.14,0.69,13.41,462.90,8.23
20260902,10030561436127,81,4,4.94,7.26,89.63,1.82,0.00,0.00,0.00
20260902,10027380998461,70,2,2.86,1.92,27.43,0.96,0.00,0.00,0.00
20260902,10032950336111,35,2,5.71,1.73,49.43,0.87,0.00,0.00,0.00
20260902,10026592457848,185,5,2.70,1.88,10.16,0.38,0.00,0.00,0.00
20260902,10027321997492,1264,53,4.19,53.56,42.37,1.01,5.66,729.70,13.62
20260902,10030372593619,4,0,0.00,0.00,0.00,0.00,0.00,0.00,0.00
20260902,10026593256177,87,5,5.75,1.58,18.16,0.32,0.00,0.00,0.00
20260902,10026679887041,15,0,0.00,0.00,0.00,0.00,0.00,0.00,0.00
20260901,10026593256177,88,5,5.68,2.47,28.07,0.49,0.00,0.00,0.00
20260901,10028951723142,120,5,4.17,3.05,25.42,0.61,20.00,77.00,25.25
20260901,10026608095213,31,4,12.90,2.34,75.48,0.59,0.00,0.00,0.00
20260901,10026350825397,58,4,6.90,4.78,82.41,1.20,0.00,0.00,0.00
20260901,10028842048449,118,4,3.39,0.40,3.39,0.10,0.00,0.00,0.00
20260901,10027848497108,57,2,3.51,2.16,37.89,1.08,0.00,0.00,0.00
20260901,10029002277307,8,1,12.50,0.58,72.50,0.58,0.00,0.00,0.00
20260901,10027272712101,9,0,0.00,0.00,0.00,0.00,0.00,0.00,0.00
20260901,10026365993956,7,0,0.00,0.00,0.00,0.00,0.00,0.00,0.00
20260901,10027322451954,218,12,5.50,15.26,70.00,1.27,0.00,0.00,0.00
20260901,10026349808349,24,0,0.00,0.00,0.00,0.00,0.00,0.00,0.00
20260901,10026350366810,64,1,1.56,0.44,6.88,0.44,0.00,0.00,0.00
20260901,10029372321239,19,0,0.00,0.00,0.00,0.00,0.00,0.00,0.00
20260901,10032950336111,22,1,4.55,2.37,107.73,2.37,0.00,0.00,0.00
20260901,10030561436127,61,0,0.00,0.00,0.00,0.00,0.00,0.00,0.00
20260901,10026350498838,4,0,0.00,0.00,0.00,0.00,0.00,0.00,0.00
20260901,10028565601646,84,4,4.76,1.22,14.52,0.31,0.00,0.00,0.00
20260901,10028739263209,35,0,0.00,0.00,0.00,0.00,0.00,0.00,0.00
20260901,10028330884937,94,7,7.45,6.40,68.09,0.91,0.00,0.00,0.00
20260901,10027895106654,17,0,0.00,0.00,0.00,0.00,0.00,0.00,0.00
20260901,10026365556265,2,0,0.00,0.00,0.00,0.00,0.00,0.00,0.00
20260901,10027645847428,60,2,3.33,1.51,25.17,0.76,0.00,0.00,0.00
20260901,10027232387250,19,1,5.26,1.02,53.68,1.02,0.00,0.00,0.00
20260901,10029716841916,99,4,4.04,2.52,25.45,0.63,25.00,315.00,125.00
20260901,10027346224350,180,8,4.44,9.11,50.61,1.14,0.00,0.00,0.00
20260901,10026348284934,16,0,0.00,0.00,0.00,0.00,0.00,0.00,0.00
20260901,10027321997492,1384,60,4.34,56.11,40.54,0.94,1.67,259.90,4.63
20260901,10027848219930,23,2,8.70,0.70,30.43,0.35,0.00,0.00,0.00
20260901,10026592457848,207,6,2.90,5.65,27.29,0.94,0.00,0.00,0.00
20260901,10026364056679,921,45,4.89,53.07,57.62,1.18,4.44,136.80,2.58
20260901,10026349026083,11,0,0.00,0.00,0.00,0.00,0.00,0.00,0.00
20260901,10026876169278,40,0,0.00,0.00,0.00,0.00,0.00,0.00,0.00
20260901,10027380998461,119,4,3.36,5.50,46.22,1.38,0.00,0.00,0.00
20260901,10030562418205,2,0,0.00,0.00,0.00,0.00,0.00,0.00,0.00
20260901,10030372593619,9,0,0.00,0.00,0.00,0.00,0.00,0.00,0.00
20260901,10027448617071,111,5,4.50,1.41,12.70,0.28,0.00,0.00,0.00
20260901,10028738684573,9,0,0.00,0.00,0.00,0.00,0.00,0.00,0.00
20260901,10033906996788,5,0,0.00,0.00,0.00,0.00,0.00,0.00,0.00
20260901,10026876601221,121,10,8.26,6.44,53.22,0.64,50.00,330.90,51.38
20260901,10029372606487,6,0,0.00,0.00,0.00,0.00,0.00,0.00,0.00
20260901,10027406248270,44,2,4.55,4.09,92.95,2.05,0.00,0.00,0.00
20260901,10026877922750,97,2,2.06,0.88,9.07,0.44,0.00,0.00,0.00
20260901,10026679887041,18,1,5.56,0.10,5.56,0.10,0.00,0.00,0.00
20260901,10027048961128,1192,63,5.29,38.87,32.61,0.62,15.87,267.00,6.87
20260901,10026591974818,22,0,0.00,0.00,0.00,0.00,0.00,0.00,0.00
20260901,10028576203176,132,4,3.03,0.90,6.82,0.23,25.00,99.90,111.00
20260901,10027002957817,45,0,0.00,0.00,0.00,0.00,0.00,0.00,0.00
20260831,10030562418205,7,0,0.00,0.00,0.00,0.00,0.00,0.00,0.00
20260831,10028330884937,132,10,7.58,8.05,60.98,0.81,10.00,119.90,14.89
20260831,10026608095213,18,0,0.00,0.00,0.00,0.00,0.00,0.00,0.00
20260831,10027002957817,35,2,5.71,0.24,6.86,0.12,0.00,0.00,0.00
20260831,10026349808349,16,0,0.00,0.00,0.00,0.00,0.00,0.00,0.00
20260831,10026348284934,17,0,0.00,0.00,0.00,0.00,0.00,0.00,0.00
20260831,10027895106654,16,0,0.00,0.00,0.00,0.00,0.00,0.00,0.00
20260831,10026592457848,145,6,4.14,6.06,41.79,1.01,0.00,0.00,0.00
20260831,10027645847428,64,3,4.69,8.50,132.81,2.83,0.00,0.00,0.00
20260831,10026679887041,23,1,4.35,0.11,4.78,0.11,0.00,0.00,0.00
20260831,10027886420869,3,0,0.00,0.00,0.00,0.00,0.00,0.00,0.00
20260831,10030561436127,52,1,1.92,4.97,95.58,4.97,0.00,0.00,0.00
20260831,10032950336111,10,0,0.00,0.00,0.00,0.00,0.00,0.00,0.00
20260831,10026591974818,38,0,0.00,0.00,0.00,0.00,0.00,0.00,0.00
20260831,10026350230290,1,0,0.00,0.00,0.00,0.00,0.00,0.00,0.00
20260831,10027272712101,19,0,0.00,0.00,0.00,0.00,0.00,0.00,0.00
20260831,10027380998461,96,0,0.00,0.00,0.00,0.00,0.00,0.00,0.00
20260831,10027848497108,40,1,2.50,3.29,82.25,3.29,0.00,0.00,0.00
20260831,10030372593619,5,0,0.00,0.00,0.00,0.00,0.00,0.00,0.00
20260831,10026350825397,63,2,3.17,0.30,4.76,0.15,0.00,0.00,0.00
20260831,10026349026083,26,1,3.85,2.18,83.85,2.18,0.00,0.00,0.00
20260831,10026877922750,88,4,4.55,3.41,38.75,0.85,0.00,0.00,0.00
20260831,10028842048449,121,10,8.26,6.50,53.72,0.65,10.00,8.80,1.35
20260831,10028576203176,218,7,3.21,6.23,28.58,0.89,0.00,0.00,0.00
20260831,10026350498838,4,0,0.00,0.00,0.00,0.00,0.00,0.00,0.00
20260831,10029716841916,131,3,2.29,2.15,16.41,0.72,0.00,0.00,0.00
20260831,10029372606487,6,0,0.00,0.00,0.00,0.00,0.00,0.00,0.00
20260831,10026593256177,61,2,3.28,5.78,94.75,2.89,0.00,0.00,0.00
20260831,10028738684573,1,0,0.00,0.00,0.00,0.00,0.00,0.00,0.00
20260831,10026364056679,987,50,5.07,83.28,84.38,1.67,4.00,269.00,3.23
20260831,10028739263209,27,0,0.00,0.00,0.00,0.00,0.00,0.00,0.00
20260831,10027322451954,223,13,5.83,13.06,58.57,1.00,0.00,0.00,0.00
20260831,10027448617071,85,4,4.71,3.52,41.41,0.88,25.00,113.00,32.10
20260831,10027232387250,19,2,10.53,1.85,97.37,0.93,0.00,0.00,0.00
20260831,10026365993956,11,0,0.00,0.00,0.00,0.00,0.00,0.00,0.00
20260831,10027406248270,44,0,0.00,0.00,0.00,0.00,0.00,0.00,0.00
20260831,10028565601646,158,5,3.16,2.95,18.67,0.59,0.00,0.00,0.00
20260831,10027321997492,1561,69,4.42,111.15,71.20,1.61,5.80,817.80,7.36
20260831,10026876601221,80,8,10.00,12.56,157.00,1.57,12.50,38.00,3.03
20260831,10027048961128,1032,59,5.72,48.50,47.00,0.82,10.17,167.40,3.45
20260831,10026876169278,52,3,5.77,3.81,73.27,1.27,0.00,0.00,0.00
20260831,10029372321239,14,0,0.00,0.00,0.00,0.00,0.00,0.00,0.00
20260831,10028951723142,74,3,4.05,3.85,52.03,1.28,33.33,77.00,20.00
20260831,10027848219930,31,1,3.23,0.40,12.90,0.40,0.00,0.00,0.00
20260831,10026350366810,61,1,1.64,0.10,1.64,0.10,0.00,0.00,0.00
20260831,10029002277307,12,0,0.00,0.00,0.00,0.00,0.00,0.00,0.00
20260831,10027346224350,169,4,2.37,5.26,31.12,1.32,0.00,0.00,0.00
20260831,10033906996788,13,0,0.00,0.00,0.00,0.00,0.00,0.00,0.00
20260830,10030562418205,2,0,0.00,0.00,0.00,0.00,0.00,0.00,0.00
20260830,10030561436127,34,1,2.94,2.45,72.06,2.45,0.00,0.00,0.00
20260830,10026592457848,159,10,6.29,10.73,67.48,1.07,0.00,0.00,0.00
20260830,10026679887041,38,1,2.63,1.04,27.37,1.04,0.00,0.00,0.00
20260830,10027406248270,46,2,4.35,1.47,31.96,0.74,0.00,0.00,0.00
20260830,10026350825397,50,5,10.00,7.43,148.60,1.49,0.00,0.00,0.00
20260830,10026364056679,457,34,7.44,52.36,114.57,1.54,5.88,133.00,2.54
20260830,10027002957817,68,3,4.41,1.22,17.94,0.41,0.00,0.00,0.00
20260830,10026877922750,117,8,6.84,4.93,42.14,0.62,0.00,0.00,0.00
20260830,10029372321239,23,2,8.70,0.96,41.74,0.48,0.00,0.00,0.00
20260830,10027321997492,1739,70,4.03,104.22,59.93,1.49,1.43,259.90,2.49
20260830,10029002277307,7,0,0.00,0.00,0.00,0.00,0.00,0.00,0.00
20260830,10032950336111,13,1,7.69,0.34,26.15,0.34,0.00,0.00,0.00
20260830,10026876601221,71,7,9.86,3.82,53.80,0.55,0.00,0.00,0.00
20260830,10027895106654,10,0,0.00,0.00,0.00,0.00,0.00,0.00,0.00
20260830,10028565601646,106,1,0.94,4.91,46.32,4.91,0.00,0.00,0.00
20260830,10029716841916,265,15,5.66,19.19,72.42,1.28,0.00,0.00,0.00
20260830,10026350366810,80,4,5.00,2.85,35.63,0.71,50.00,53.95,18.93
20260830,10027448617071,78,0,0.00,0.00,0.00,0.00,0.00,0.00,0.00
20260830,10028576203176,222,12,5.41,4.79,21.58,0.40,0.00,0.00,0.00
20260830,10027272712101,29,1,3.45,0.21,7.24,0.21,0.00,0.00,0.00
20260830,10027048961128,1239,78,6.30,56.25,45.40,0.72,10.26,364.20,6.47
20260830,10026591974818,59,3,5.08,5.14,87.12,1.71,0.00,0.00,0.00
20260830,10027886420869,6,0,0.00,0.00,0.00,0.00,0.00,0.00,0.00
20260830,10028739263209,9,0,0.00,0.00,0.00,0.00,0.00,0.00,0.00
20260830,10027346224350,156,6,3.85,10.68,68.46,1.78,0.00,0.00,0.00
20260830,10026593256177,58,1,1.72,0.81,13.97,0.81,0.00,0.00,0.00
20260830,10028330884937,108,2,1.85,1.85,17.13,0.93,50.00,90.00,48.65
20260830,10028738684573,2,0,0.00,0.00,0.00,0.00,0.00,0.00,0.00
20260830,10029372606487,10,0,0.00,0.00,0.00,0.00,0.00,0.00,0.00
20260830,10027232387250,39,0,0.00,0.00,0.00,0.00,0.00,0.00,0.00
20260830,10026349808349,9,1,11.11,2.92,324.44,2.92,0.00,0.00,0.00
20260830,10028836069950,1,0,0.00,0.00,0.00,0.00,0.00,0.00,0.00
20260830,10030372593619,16,2,12.50,1.32,82.50,0.66,0.00,0.00,0.00
20260830,10026608095213,22,0,0.00,0.00,0.00,0.00,0.00,0.00,0.00
20260830,10026349026083,31,2,6.45,1.59,51.29,0.80,0.00,0.00,0.00
20260830,10027322451954,342,12,3.51,19.07,55.76,1.59,8.33,259.90,13.63
20260830,10026348284934,38,1,2.63,0.69,18.16,0.69,0.00,0.00,0.00
20260830,10026365556265,2,0,0.00,0.00,0.00,0.00,0.00,0.00,0.00
20260830,10027380998461,125,7,5.60,7.86,62.88,1.12,0.00,0.00,0.00
20260830,10026365993956,10,0,0.00,0.00,0.00,0.00,0.00,0.00,0.00
20260830,10027848497108,36,0,0.00,0.00,0.00,0.00,0.00,0.00,0.00
20260830,10027848219930,44,2,4.55,0.42,9.55,0.21,0.00,0.00,0.00
20260830,10028951723142,32,1,3.13,0.55,17.19,0.55,0.00,0.00,0.00
20260830,10026876169278,59,3,5.08,4.49,76.10,1.50,33.33,98.00,21.83
20260830,10026350230290,2,0,0.00,0.00,0.00,0.00,0.00,0.00,0.00
20260830,10033906996788,23,1,4.35,3.98,173.04,3.98,0.00,0.00,0.00
20260830,10027645847428,67,1,1.49,0.89,13.28,0.89,0.00,0.00,0.00
20260830,10028842048449,147,10,6.80,6.82,46.39,0.68,0.00,0.00,0.00
20260829,10026364056679,361,18,4.99,9.43,26.12,0.52,0.00,0.00,0.00
20260829,10030562418205,2,0,0.00,0.00,0.00,0.00,0.00,0.00,0.00
20260829,10027232387250,11,0,0.00,0.00,0.00,0.00,0.00,0.00,0.00
20260829,10028951723142,38,1,2.63,1.32,34.74,1.32,0.00,0.00,0.00
20260829,10029716841916,255,9,3.53,6.88,26.98,0.76,0.00,0.00,0.00
20260829,10027848497108,50,2,4.00,1.17,23.40,0.59,50.00,43.90,37.52
20260829,10027848219930,49,8,16.33,5.62,114.69,0.70,0.00,0.00,0.00
20260829,10026365993956,5,0,0.00,0.00,0.00,0.00,0.00,0.00,0.00
20260829,10026349808349,9,0,0.00,0.00,0.00,0.00,0.00,0.00,0.00
20260829,10027002957817,45,2,4.44,3.25,72.22,1.63,0.00,0.00,0.00
20260829,10026876601221,77,3,3.90,3.28,42.60,1.09,0.00,0.00,0.00
20260829,10026679887041,15,0,0.00,0.00,0.00,0.00,0.00,0.00,0.00
20260829,10026348284934,26,0,0.00,0.00,0.00,0.00,0.00,0.00,0.00
20260829,10026350825397,83,5,6.02,2.69,32.41,0.54,0.00,0.00,0.00
20260829,10026877922750,76,8,10.53,3.03,39.87,0.38,12.50,75.81,25.02
20260829,10026350498838,3,0,0.00,0.00,0.00,0.00,0.00,0.00,0.00
20260829,10027048961128,995,53,5.33,41.70,41.91,0.79,7.55,202.50,4.86
20260829,10026876169278,39,4,10.26,2.50,64.10,0.63,0.00,0.00,0.00
20260829,10027380998461,131,2,1.53,1.74,13.28,0.87,0.00,0.00,0.00
20260829,10029002277307,12,1,8.33,0.71,59.17,0.71,0.00,0.00,0.00
20260829,10026593256177,77,1,1.30,0.60,7.79,0.60,0.00,0.00,0.00
20260829,10028330884937,84,4,4.76,2.40,28.57,0.60,0.00,0.00,0.00
20260829,10028739263209,8,0,0.00,0.00,0.00,0.00,0.00,0.00,0.00
20260829,10026350366810,47,2,4.26,2.36,50.21,1.18,0.00,0.00,0.00
20260829,10026591974818,49,2,4.08,2.65,54.08,1.33,0.00,0.00,0.00
20260829,10027346224350,220,12,5.45,8.13,36.95,0.68,0.00,0.00,0.00
20260829,10027406248270,51,1,1.96,1.73,33.92,1.73,0.00,0.00,0.00
20260829,10026592457848,157,3,1.91,4.88,31.08,1.63,33.33,42.00,8.61
20260829,10030561436127,46,0,0.00,0.00,0.00,0.00,0.00,0.00,0.00
20260829,10029372321239,17,0,0.00,0.00,0.00,0.00,0.00,0.00,0.00
20260829,10028576203176,210,14,6.67,10.08,48.00,0.72,0.00,0.00,0.00
20260829,10027272712101,15,0,0.00,0.00,0.00,0.00,0.00,0.00,0.00
20260829,10028565601646,71,4,5.63,10.00,140.85,2.50,25.00,108.80,10.88
20260829,10027322451954,289,13,4.50,11.58,40.07,0.89,7.69,209.90,18.13
20260829,10030372593619,6,1,16.67,2.46,410.00,2.46,0.00,0.00,0.00
20260829,10027321997492,1862,72,3.87,107.21,57.58,1.49,4.17,209.70,1.96
20260829,10028836069950,1,0,0.00,0.00,0.00,0.00,0.00,0.00,0.00
20260829,10030160165733,1,0,0.00,0.00,0.00,0.00,0.00,0.00,0.00
20260829,10026349026083,12,0,0.00,0.00,0.00,0.00,0.00,0.00,0.00
20260829,10032950336111,21,1,4.76,0.22,10.48,0.22,0.00,0.00,0.00
20260829,10028842048449,158,6,3.80,2.36,14.94,0.39,16.67,8.80,3.73
20260829,10026608095213,45,1,2.22,0.90,20.00,0.90,0.00,0.00,0.00
20260829,10027895106654,27,1,3.70,0.17,6.30,0.17,0.00,0.00,0.00
20260829,10033906996788,8,0,0.00,0.00,0.00,0.00,0.00,0.00,0.00
20260829,10029372606487,8,0,0.00,0.00,0.00,0.00,0.00,0.00,0.00
20260829,10027645847428,57,3,5.26,8.24,144.56,2.75,0.00,0.00,0.00
20260829,10027448617071,109,5,4.59,2.79,25.60,0.56,0.00,0.00,0.00
20260828,10028576203176,139,5,3.60,4.74,34.10,0.95,0.00,0.00,0.00
20260828,10028565601646,104,1,0.96,3.79,36.44,3.79,100.00,114.90,30.32
20260828,10027380998461,75,3,4.00,8.04,107.20,2.68,0.00,0.00,0.00
20260828,10026591974818,19,1,5.26,0.70,36.84,0.70,0.00,0.00,0.00
20260828,10028739263209,16,0,0.00,0.00,0.00,0.00,0.00,0.00,0.00
20260828,10026679887041,15,0,0.00,0.00,0.00,0.00,0.00,0.00,0.00
20260828,10027848219930,21,0,0.00,0.00,0.00,0.00,0.00,0.00,0.00
20260828,10026350498838,2,0,0.00,0.00,0.00,0.00,0.00,0.00,0.00
20260828,10032950336111,13,0,0.00,0.00,0.00,0.00,0.00,0.00,0.00
20260828,10027002957817,28,0,0.00,0.00,0.00,0.00,0.00,0.00,0.00
20260828,10026349808349,10,0,0.00,0.00,0.00,0.00,0.00,0.00,0.00
20260828,10027322451954,214,5,2.34,7.27,33.97,1.45,0.00,0.00,0.00
20260828,10027895106654,24,1,4.17,0.23,9.58,0.23,0.00,0.00,0.00
20260828,10026593256177,83,4,4.82,7.38,88.92,1.85,0.00,0.00,0.00
20260828,10027048961128,981,60,6.12,56.97,58.07,0.95,6.67,165.60,2.91
20260828,10028330884937,93,6,6.45,6.73,72.37,1.12,0.00,0.00,0.00
20260828,10030562418205,4,0,0.00,0.00,0.00,0.00,0.00,0.00,0.00
20260828,10029372606487,6,0,0.00,0.00,0.00,0.00,0.00,0.00,0.00
20260828,10029002277307,3,0,0.00,0.00,0.00,0.00,0.00,0.00,0.00
20260828,10026876601221,123,15,12.20,21.44,174.31,1.43,6.67,168.00,7.84
20260828,10026350230290,1,0,0.00,0.00,0.00,0.00,0.00,0.00,0.00
20260828,10029372321239,17,0,0.00,0.00,0.00,0.00,0.00,0.00,0.00
20260828,10027645847428,51,1,1.96,2.62,51.37,2.62,0.00,0.00,0.00
20260828,10026364056679,387,26,6.72,29.00,74.94,1.12,0.00,0.00,0.00
20260828,10026608095213,33,1,3.03,1.16,35.15,1.16,0.00,0.00,0.00
20260828,10026877922750,57,6,10.53,5.40,94.74,0.90,0.00,0.00,0.00
20260828,10027272712101,8,0,0.00,0.00,0.00,0.00,0.00,0.00,0.00
20260828,10030372593619,4,0,0.00,0.00,0.00,0.00,0.00,0.00,0.00
20260828,10027321997492,1479,46,3.11,79.41,53.69,1.73,4.35,338.90,4.27
20260828,10026350825397,59,0,0.00,0.00,0.00,0.00,0.00,0.00,0.00
20260828,10028738684573,2,0,0.00,0.00,0.00,0.00,0.00,0.00,0.00
20260828,10028951723142,61,1,1.64,0.58,9.51,0.58,0.00,0.00,0.00
20260828,10027406248270,71,1,1.41,3.32,46.76,3.32,0.00,0.00,0.00
20260828,10026349026083,21,2,9.52,2.09,99.52,1.05,0.00,0.00,0.00
20260828,10033906996788,5,0,0.00,0.00,0.00,0.00,0.00,0.00,0.00
20260828,10027848497108,54,2,3.70,9.00,166.67,4.50,0.00,0.00,0.00
20260828,10027886420869,1,0,0.00,0.00,0.00,0.00,0.00,0.00,0.00
20260828,10026876169278,57,4,7.02,5.77,101.23,1.44,0.00,0.00,0.00
20260828,10026592457848,196,10,5.10,22.45,114.54,2.25,10.00,38.00,1.69
20260828,10027346224350,135,6,4.44,5.27,39.04,0.88,0.00,0.00,0.00
20260828,10026350366810,53,6,11.32,10.99,207.36,1.83,50.00,169.50,15.42
20260828,10030561436127,32,1,3.13,0.19,5.94,0.19,0.00,0.00,0.00
20260828,10026348284934,27,2,7.41,2.88,106.67,1.44,0.00,0.00,0.00
20260828,10027448617071,70,3,4.29,3.42,48.86,1.14,0.00,0.00,0.00
20260828,10027232387250,24,3,12.50,2.79,116.25,0.93,0.00,0.00,0.00
20260828,10028842048449,150,5,3.33,5.29,35.27,1.06,20.00,9.80,1.85
20260828,10029716841916,199,6,3.02,4.70,23.62,0.78,16.67,233.00,49.57
20260827,10026350230290,3,0,0.00,0.00,0.00,0.00,0.00,0.00,0.00
20260827,10029372321239,5,0,0.00,0.00,0.00,0.00,0.00,0.00,0.00
20260827,10030561436127,25,1,4.00,3.49,139.60,3.49,0.00,0.00,0.00
20260827,10026350366810,40,3,7.50,2.12,53.00,0.71,0.00,0.00,0.00
20260827,10033906996788,13,1,7.69,2.24,172.31,2.24,0.00,0.00,0.00
20260827,10029002277307,2,0,0.00,0.00,0.00,0.00,0.00,0.00,0.00
20260827,10026365556265,3,0,0.00,0.00,0.00,0.00,0.00,0.00,0.00
20260827,10030562418205,10,0,0.00,0.00,0.00,0.00,0.00,0.00,0.00
20260827,10026593256177,93,2,2.15,4.13,44.41,2.07,50.00,39.90,9.66
20260827,10027002957817,30,1,3.33,2.34,78.00,2.34,0.00,0.00,0.00
20260827,10026350498838,3,0,0.00,0.00,0.00,0.00,0.00,0.00,0.00
20260827,10026348284934,20,2,10.00,7.77,388.50,3.89,50.00,89.82,11.56
20260827,10026591974818,23,0,0.00,0.00,0.00,0.00,0.00,0.00,0.00
20260827,10029372606487,3,0,0.00,0.00,0.00,0.00,0.00,0.00,0.00
20260827,10027848497108,35,0,0.00,0.00,0.00,0.00,0.00,0.00,0.00
20260827,10029716841916,138,5,3.62,5.38,38.99,1.08,0.00,0.00,0.00
20260827,10027322451954,249,7,2.81,10.39,41.73,1.48,0.00,0.00,0.00
20260827,10026876169278,42,0,0.00,0.00,0.00,0.00,0.00,0.00,0.00
20260827,10028738684573,1,0,0.00,0.00,0.00,0.00,0.00,0.00,0.00
20260827,10028330884937,75,7,9.33,10.40,138.67,1.49,0.00,0.00,0.00
20260827,10027346224350,125,3,2.40,4.71,37.68,1.57,0.00,0.00,0.00
20260827,10026608095213,29,1,3.45,0.66,22.76,0.66,0.00,0.00,0.00
20260827,10027380998461,76,2,2.63,2.25,29.61,1.13,0.00,0.00,0.00
20260827,10028951723142,62,2,3.23,3.09,49.84,1.55,0.00,0.00,0.00
20260827,10028576203176,144,8,5.56,7.32,50.83,0.92,0.00,0.00,0.00
20260827,10026365993956,3,0,0.00,0.00,0.00,0.00,0.00,0.00,0.00
20260827,10027232387250,11,1,9.09,0.66,60.00,0.66,0.00,0.00,0.00
20260827,10026364056679,452,22,4.87,36.47,80.69,1.66,9.09,213.00,5.84
20260827,10027272712101,16,0,0.00,0.00,0.00,0.00,0.00,0.00,0.00
20260827,10027448617071,91,2,2.20,2.51,27.58,1.26,50.00,41.70,16.61
20260827,10026349026083,20,0,0.00,0.00,0.00,0.00,0.00,0.00,0.00
20260827,10027406248270,36,0,0.00,0.00,0.00,0.00,0.00,0.00,0.00
20260827,10028836069950,2,0,0.00,0.00,0.00,0.00,0.00,0.00,0.00
20260827,10026876601221,140,8,5.71,9.55,68.21,1.19,0.00,0.00,0.00
20260827,10026877922750,80,3,3.75,5.53,69.13,1.84,0.00,0.00,0.00
20260827,10032950336111,5,0,0.00,0.00,0.00,0.00,0.00,0.00,0.00
20260827,10028842048449,109,8,7.34,10.65,97.71,1.33,25.00,16.60,1.56
20260827,10028739263209,9,0,0.00,0.00,0.00,0.00,0.00,0.00,0.00
20260827,10027645847428,27,0,0.00,0.00,0.00,0.00,0.00,0.00,0.00
20260827,10026679887041,29,2,6.90,2.43,83.79,1.22,0.00,0.00,0.00
20260827,10026349808349,16,0,0.00,0.00,0.00,0.00,0.00,0.00,0.00
20260827,10027048961128,988,58,5.87,91.87,92.99,1.58,15.52,439.10,4.78
20260827,10027848219930,11,0,0.00,0.00,0.00,0.00,0.00,0.00,0.00
20260827,10027895106654,9,0,0.00,0.00,0.00,0.00,0.00,0.00,0.00
20260827,10027886420869,1,0,0.00,0.00,0.00,0.00,0.00,0.00,0.00
20260827,10028565601646,65,7,10.77,10.30,158.46,1.47,0.00,0.00,0.00
20260827,10027321997492,1262,59,4.68,108.91,86.30,1.85,5.08,849.60,7.80
20260827,10030372593619,5,1,20.00,1.53,306.00,1.53,0.00,0.00,0.00
20260827,10026592457848,178,10,5.62,17.15,96.35,1.72,0.00,0.00,0.00
20260827,10026350825397,82,3,3.66,1.77,21.59,0.59,0.00,0.00,0.00
20260826,10026679887041,11,0,0.00,0.00,0.00,0.00,0.00,0.00,0.00
20260826,10030562418205,1,0,0.00,0.00,0.00,0.00,0.00,0.00,0.00
20260826,10027346224350,194,7,3.61,6.92,35.67,0.99,0.00,0.00,0.00
20260826,10028738684573,1,0,0.00,0.00,0.00,0.00,0.00,0.00,0.00
20260826,10033906996788,14,0,0.00,0.00,0.00,0.00,0.00,0.00,0.00
20260826,10026348284934,15,0,0.00,0.00,0.00,0.00,0.00,0.00,0.00
20260826,10028330884937,103,6,5.83,4.13,40.10,0.69,0.00,0.00,0.00
20260826,10028739263209,16,0,0.00,0.00,0.00,0.00,0.00,0.00,0.00
20260826,10026608095213,11,0,0.00,0.00,0.00,0.00,0.00,0.00,0.00
20260826,10026350825397,56,7,12.50,1.12,20.00,0.16,0.00,0.00,0.00
20260826,10027322451954,348,13,3.74,13.55,38.94,1.04,0.00,0.00,0.00
20260826,10027848219930,43,3,6.98,3.75,87.21,1.25,0.00,0.00,0.00
20260826,10027272712101,14,0,0.00,0.00,0.00,0.00,0.00,0.00,0.00
20260826,10026365993956,8,1,12.50,2.58,322.50,2.58,0.00,0.00,0.00
20260826,10026592457848,215,10,4.65,6.44,29.95,0.64,20.00,90.00,13.98
20260826,10027232387250,25,0,0.00,0.00,0.00,0.00,0.00,0.00,0.00
20260826,10027380998461,125,9,7.20,10.63,85.04,1.18,0.00,0.00,0.00
20260826,10027321997492,1648,81,4.92,104.05,63.14,1.28,6.17,1249.50,12.01
20260826,10027048961128,1221,82,6.72,42.90,35.14,0.52,2.44,50.80,1.18
20260826,10029372321239,13,0,0.00,0.00,0.00,0.00,0.00,0.00,0.00
20260826,10026350498838,1,0,0.00,0.00,0.00,0.00,0.00,0.00,0.00
20260826,10027406248270,54,1,1.85,0.10,1.85,0.10,0.00,0.00,0.00
20260826,10026350366810,39,1,2.56,0.10,2.56,0.10,0.00,0.00,0.00
20260826,10026349026083,12,0,0.00,0.00,0.00,0.00,0.00,0.00,0.00
20260826,10026364056679,460,36,7.83,25.34,55.09,0.70,2.78,38.00,1.50
20260826,10026876601221,81,8,9.88,5.84,72.10,0.73,0.00,0.00,0.00
20260826,10029716841916,210,11,5.24,10.89,51.86,0.99,0.00,0.00,0.00
20260826,10027448617071,101,7,6.93,7.38,73.07,1.05,0.00,0.00,0.00
20260826,10026877922750,81,8,9.88,11.15,137.65,1.39,0.00,0.00,0.00
20260826,10027895106654,19,3,15.79,1.68,88.42,0.56,0.00,0.00,0.00
20260826,10032950336111,11,0,0.00,0.00,0.00,0.00,0.00,0.00,0.00
20260826,10026365556265,1,0,0.00,0.00,0.00,0.00,0.00,0.00,0.00
20260826,10030372593619,4,0,0.00,0.00,0.00,0.00,0.00,0.00,0.00
20260826,10027002957817,66,5,7.58,1.02,15.45,0.20,0.00,0.00,0.00
20260826,10028565601646,56,2,3.57,0.90,16.07,0.45,0.00,0.00,0.00
20260826,10029372606487,6,0,0.00,0.00,0.00,0.00,0.00,0.00,0.00
20260826,10029002277307,5,0,0.00,0.00,0.00,0.00,0.00,0.00,0.00
20260826,10028951723142,59,5,8.47,2.97,50.34,0.59,0.00,0.00,0.00
20260826,10026593256177,98,12,12.24,18.23,186.02,1.52,25.00,179.70,9.86
20260826,10026876169278,49,2,4.08,1.59,32.45,0.80,0.00,0.00,0.00
20260826,10030561436127,46,1,2.17,0.28,6.09,0.28,0.00,0.00,0.00
20260826,10026350230290,2,0,0.00,0.00,0.00,0.00,0.00,0.00,0.00
20260826,10028842048449,213,11,5.16,4.46,20.94,0.41,9.09,9.80,2.20
20260826,10028576203176,140,3,2.14,1.27,9.07,0.42,0.00,0.00,0.00
20260826,10027645847428,47,0,0.00,0.00,0.00,0.00,0.00,0.00,0.00
20260826,10028836069950,5,0,0.00,0.00,0.00,0.00,0.00,0.00,0.00
20260826,10026349808349,14,0,0.00,0.00,0.00,0.00,0.00,0.00,0.00
20260826,10027848497108,65,1,1.54,4.56,70.15,4.56,0.00,0.00,0.00
20260826,10026591974818,42,1,2.38,3.86,91.90,3.86,0.00,0.00,0.00
20260825,10026350366810,46,1,2.17,0.10,2.17,0.10,0.00,0.00,0.00
20260825,10026876601221,109,13,11.93,15.87,145.60,1.22,0.00,0.00,0.00
20260825,10027448617071,89,12,13.48,3.48,39.10,0.29,0.00,0.00,0.00
20260825,10029002277307,3,0,0.00,0.00,0.00,0.00,0.00,0.00,0.00
20260825,10033906996788,5,0,0.00,0.00,0.00,0.00,0.00,0.00,0.00
20260825,10028951723142,42,1,2.38,0.47,11.19,0.47,0.00,0.00,0.00
20260825,10027232387250,17,2,11.76,0.96,56.47,0.48,50.00,199.00,207.29
20260825,10027406248270,43,0,0.00,0.00,0.00,0.00,0.00,0.00,0.00
20260825,10026876169278,18,1,5.56,0.59,32.78,0.59,0.00,0.00,0.00
20260825,10026350825397,58,5,8.62,0.72,12.41,0.14,0.00,0.00,0.00
20260825,10028738684573,1,0,0.00,0.00,0.00,0.00,0.00,0.00,0.00
20260825,10028330884937,86,5,5.81,2.59,30.12,0.52,0.00,0.00,0.00
20260825,10030561436127,39,3,7.69,2.70,69.23,0.90,0.00,0.00,0.00
20260825,10028565601646,79,1,1.27,1.57,19.87,1.57,0.00,0.00,0.00
20260825,10026608095213,26,1,3.85,0.11,4.23,0.11,0.00,0.00,0.00
20260825,10027380998461,136,5,3.68,3.61,26.54,0.72,0.00,0.00,0.00
20260825,10027321997492,1586,76,4.79,124.50,78.50,1.64,6.58,1189.40,9.55
20260825,10032950336111,34,6,17.65,2.47,72.65,0.41,0.00,0.00,0.00
20260825,10026365993956,3,1,33.33,0.78,260.00,0.78,0.00,0.00,0.00
20260825,10029372321239,15,0,0.00,0.00,0.00,0.00,0.00,0.00,0.00
20260825,10026349026083,33,0,0.00,0.00,0.00,0.00,0.00,0.00,0.00
20260825,10027895106654,21,2,9.52,0.76,36.19,0.38,0.00,0.00,0.00
20260825,10029716841916,150,5,3.33,3.60,24.00,0.72,0.00,0.00,0.00
20260825,10026593256177,53,2,3.77,0.87,16.42,0.44,0.00,0.00,0.00
20260825,10026348284934,17,1,5.88,0.10,5.88,0.10,0.00,0.00,0.00
20260825,10027645847428,41,2,4.88,2.73,66.59,1.37,0.00,0.00,0.00
20260825,10028576203176,187,14,7.49,6.47,34.60,0.46,7.14,59.90,9.26
20260825,10027002957817,47,5,10.64,3.24,68.94,0.65,0.00,0.00,0.00
20260825,10026349808349,20,1,5.00,1.96,98.00,1.96,0.00,0.00,0.00
20260825,10026364056679,531,33,6.21,77.89,146.69,2.36,9.09,223.80,2.87
20260825,10027272712101,22,3,13.64,4.37,198.64,1.46,0.00,0.00,0.00
20260825,10026679887041,14,0,0.00,0.00,0.00,0.00,0.00,0.00,0.00
20260825,10027322451954,346,15,4.34,17.80,51.45,1.19,6.67,518.00,29.10
20260825,10026592457848,154,8,5.19,11.89,77.21,1.49,0.00,0.00,0.00
20260825,10027848497108,29,2,6.90,4.60,158.62,2.30,0.00,0.00,0.00
20260825,10028842048449,95,5,5.26,1.47,15.47,0.29,0.00,0.00,0.00
20260825,10029372606487,18,0,0.00,0.00,0.00,0.00,0.00,0.00,0.00
20260825,10027346224350,131,5,3.82,6.16,47.02,1.23,0.00,0.00,0.00
20260825,10030562418205,3,0,0.00,0.00,0.00,0.00,0.00,0.00,0.00
20260825,10027048961128,1245,73,5.86,50.90,40.88,0.70,20.55,1581.75,31.08
20260825,10028739263209,8,0,0.00,0.00,0.00,0.00,0.00,0.00,0.00
20260825,10028836069950,1,0,0.00,0.00,0.00,0.00,0.00,0.00,0.00
20260825,10027848219930,27,2,7.41,0.30,11.11,0.15,0.00,0.00,0.00
20260825,10026877922750,47,3,6.38,3.83,81.49,1.28,0.00,0.00,0.00
20260825,10030372593619,4,0,0.00,0.00,0.00,0.00,0.00,0.00,0.00
20260825,10026591974818,34,1,2.94,0.54,15.88,0.54,0.00,0.00,0.00
20260824,10026591974818,23,0,0.00,0.00,0.00,0.00,0.00,0.00,0.00
20260824,10030372593619,4,0,0.00,0.00,0.00,0.00,0.00,0.00,0.00
20260824,10027848219930,30,0,0.00,0.00,0.00,0.00,0.00,0.00,0.00
20260824,10027002957817,35,2,5.71,0.73,20.86,0.37,0.00,0.00,0.00
20260824,10027322451954,347,16,4.61,24.12,69.51,1.51,0.00,0.00,0.00
20260824,10032950336111,22,0,0.00,0.00,0.00,0.00,0.00,0.00,0.00
20260824,10027321997492,1614,65,4.03,101.39,62.82,1.56,3.08,628.80,6.20
20260824,10027272712101,16,0,0.00,0.00,0.00,0.00,0.00,0.00,0.00
20260824,10029002277307,11,1,9.09,0.97,88.18,0.97,0.00,0.00,0.00
20260824,10030562418205,2,0,0.00,0.00,0.00,0.00,0.00,0.00,0.00
20260824,10026593256177,49,2,4.08,1.92,39.18,0.96,0.00,0.00,0.00
20260824,10027848497108,40,0,0.00,0.00,0.00,0.00,0.00,0.00,0.00
20260824,10026608095213,22,0,0.00,0.00,0.00,0.00,0.00,0.00,0.00
20260824,10028842048449,109,6,5.50,1.77,16.24,0.30,0.00,0.00,0.00
20260824,10027048961128,1069,52,4.86,43.14,40.36,0.83,7.69,184.50,4.28
20260824,10028330884937,69,3,4.35,1.37,19.86,0.46,33.33,100.00,72.99
20260824,10027380998461,139,6,4.32,12.06,86.76,2.01,0.00,0.00,0.00
20260824,10030561436127,27,3,11.11,6.03,223.33,2.01,0.00,0.00,0.00
20260824,10026350825397,85,3,3.53,4.53,53.29,1.51,0.00,0.00,0.00
20260824,10028576203176,197,9,4.57,10.12,51.37,1.12,11.11,39.90,3.94
20260824,10026348284934,23,1,4.35,0.78,33.91,0.78,0.00,0.00,0.00
20260824,10026349808349,23,0,0.00,0.00,0.00,0.00,0.00,0.00,0.00
20260824,10027448617071,52,2,3.85,1.35,25.96,0.68,0.00,0.00,0.00
20260824,10027406248270,59,3,5.08,5.80,98.31,1.93,0.00,0.00,0.00
20260824,10027346224350,166,5,3.01,5.15,31.02,1.03,0.00,0.00,0.00
20260824,10026876169278,57,10,17.54,15.01,263.33,1.50,10.00,168.00,11.19
20260824,10029372321239,10,0,0.00,0.00,0.00,0.00,0.00,0.00,0.00
20260824,10027895106654,20,2,10.00,0.34,17.00,0.17,0.00,0.00,0.00
20260824,10029372606487,2,0,0.00,0.00,0.00,0.00,0.00,0.00,0.00
20260824,10028565601646,63,2,3.17,4.97,78.89,2.49,50.00,104.90,21.11
20260824,10026592457848,153,12,7.84,13.84,90.46,1.15,0.00,0.00,0.00
20260824,10026679887041,25,0,0.00,0.00,0.00,0.00,0.00,0.00,0.00
20260824,10026350366810,64,1,1.56,0.23,3.59,0.23,0.00,0.00,0.00
20260824,10026350230290,1,0,0.00,0.00,0.00,0.00,0.00,0.00,0.00
20260824,10026876601221,94,6,6.38,2.66,28.30,0.44,0.00,0.00,0.00
20260824,10026365993956,2,0,0.00,0.00,0.00,0.00,0.00,0.00,0.00
20260824,10027645847428,41,0,0.00,0.00,0.00,0.00,0.00,0.00,0.00
20260824,10026349026083,14,0,0.00,0.00,0.00,0.00,0.00,0.00,0.00
20260824,10027232387250,12,2,16.67,3.66,305.00,1.83,0.00,0.00,0.00
20260824,10028836069950,1,0,0.00,0.00,0.00,0.00,0.00,0.00,0.00
20260824,10026877922750,89,10,11.24,5.95,66.85,0.60,10.00,56.90,9.56
20260824,10028739263209,13,0,0.00,0.00,0.00,0.00,0.00,0.00,0.00
20260824,10026364056679,512,35,6.84,49.65,96.97,1.42,5.71,143.00,2.88
20260824,10026350498838,5,0,0.00,0.00,0.00,0.00,0.00,0.00,0.00
20260824,10028738684573,1,0,0.00,0.00,0.00,0.00,0.00,0.00,0.00
20260824,10028951723142,60,0,0.00,0.00,0.00,0.00,0.00,0.00,0.00
20260824,10029716841916,178,8,4.49,12.68,71.24,1.59,0.00,0.00,0.00
20260823,10027848497108,18,0,0.00,0.00,0.00,0.00,0.00,0.00,0.00
20260823,10028576203176,143,13,9.09,6.15,43.01,0.47,7.69,59.90,9.74
20260823,10027406248270,30,1,3.33,0.10,3.33,0.10,0.00,0.00,0.00
20260823,10027346224350,157,7,4.46,5.09,32.42,0.73,0.00,0.00,0.00
20260823,10028330884937,47,1,2.13,0.10,2.13,0.10,0.00,0.00,0.00
20260823,10026591974818,30,0,0.00,0.00,0.00,0.00,0.00,0.00,0.00
20260823,10029372321239,17,0,0.00,0.00,0.00,0.00,0.00,0.00,0.00
20260823,10026349808349,3,0,0.00,0.00,0.00,0.00,0.00,0.00,0.00
20260823,10027895106654,24,3,12.50,0.52,21.67,0.17,0.00,0.00,0.00
20260823,10028565601646,23,4,17.39,1.59,69.13,0.40,0.00,0.00,0.00
20260823,10026350230290,1,0,0.00,0.00,0.00,0.00,0.00,0.00,0.00
20260823,10026608095213,12,0,0.00,0.00,0.00,0.00,0.00,0.00,0.00
20260823,10026876169278,40,0,0.00,0.00,0.00,0.00,0.00,0.00,0.00
20260823,10028842048449,154,8,5.19,1.06,6.88,0.13,0.00,0.00,0.00
20260823,10027886420869,1,0,0.00,0.00,0.00,0.00,0.00,0.00,0.00
20260823,10027322451954,238,6,2.52,1.72,7.23,0.29,0.00,0.00,0.00
20260823,10026877922750,97,3,3.09,1.91,19.69,0.64,0.00,0.00,0.00
20260823,10032950336111,22,1,4.55,0.17,7.73,0.17,0.00,0.00,0.00
20260823,10027380998461,76,3,3.95,3.18,41.84,1.06,0.00,0.00,0.00
20260823,10027048961128,763,42,5.50,17.24,22.60,0.41,9.52,163.60,9.49
20260823,10027448617071,94,4,4.26,0.77,8.19,0.19,25.00,25.50,33.12
20260823,10027645847428,26,1,3.85,4.03,155.00,4.03,0.00,0.00,0.00
20260823,10027232387250,14,1,7.14,3.44,245.71,3.44,0.00,0.00,0.00
20260823,10027321997492,1775,65,3.66,100.12,56.41,1.54,1.54,259.90,2.60
20260823,10027848219930,26,2,7.69,0.73,28.08,0.37,50.00,128.80,176.44
20260823,10026876601221,109,12,11.01,6.58,60.37,0.55,8.33,25.00,3.80
20260823,10029716841916,194,8,4.12,6.31,32.53,0.79,0.00,0.00,0.00
20260823,10026350825397,253,7,2.77,50.45,199.41,7.21,0.00,0.00,0.00
20260823,10028739263209,10,0,0.00,0.00,0.00,0.00,0.00,0.00,0.00
20260823,10033906996788,2,0,0.00,0.00,0.00,0.00,0.00,0.00,0.00
20260823,10026364056679,366,29,7.92,18.43,50.36,0.64,0.00,0.00,0.00
20260823,10029002277307,3,1,33.33,0.51,170.00,0.51,0.00,0.00,0.00
20260823,10026348284934,26,1,3.85,0.21,8.08,0.21,0.00,0.00,0.00
20260823,10026350366810,59,4,6.78,0.52,8.81,0.13,0.00,0.00,0.00
20260823,10028951723142,19,0,0.00,0.00,0.00,0.00,0.00,0.00,0.00
20260823,10026592457848,127,3,2.36,0.91,7.17,0.30,0.00,0.00,0.00
20260823,10028836069950,2,0,0.00,0.00,0.00,0.00,0.00,0.00,0.00
20260823,10027272712101,5,0,0.00,0.00,0.00,0.00,0.00,0.00,0.00
20260823,10026350498838,1,0,0.00,0.00,0.00,0.00,0.00,0.00,0.00
20260823,10030561436127,17,0,0.00,0.00,0.00,0.00,0.00,0.00,0.00
20260823,10027002957817,40,4,10.00,2.94,73.50,0.74,0.00,0.00,0.00
20260823,10026679887041,10,0,0.00,0.00,0.00,0.00,0.00,0.00,0.00
20260823,10026349026083,18,1,5.56,0.10,5.56,0.10,100.00,49.90,499.00
20260823,10026593256177,48,2,4.17,2.80,58.33,1.40,0.00,0.00,0.00
20260822,10033906996788,6,1,16.67,0.13,21.67,0.13,0.00,0.00,0.00
20260822,10028842048449,141,12,8.51,2.24,15.89,0.19,8.33,8.80,3.93
20260822,10030372593619,1,0,0.00,0.00,0.00,0.00,0.00,0.00,0.00
20260822,10028330884937,92,7,7.61,1.49,16.20,0.21,0.00,0.00,0.00
20260822,10026593256177,37,0,0.00,0.00,0.00,0.00,0.00,0.00,0.00
20260822,10028836069950,1,0,0.00,0.00,0.00,0.00,0.00,0.00,0.00
20260822,10028565601646,49,2,4.08,0.67,13.67,0.34,0.00,0.00,0.00
20260822,10026350366810,58,1,1.72,0.10,1.72,0.10,0.00,0.00,0.00
20260822,10027048961128,857,76,8.87,36.07,42.09,0.47,3.95,114.70,3.18
20260822,10029002277307,9,0,0.00,0.00,0.00,0.00,0.00,0.00,0.00
20260822,10027406248270,42,1,2.38,1.93,45.95,1.93,0.00,0.00,0.00
20260822,10030562418205,3,0,0.00,0.00,0.00,0.00,0.00,0.00,0.00
20260822,10027448617071,61,5,8.20,0.84,13.77,0.17,0.00,0.00,0.00
20260822,10027645847428,26,1,3.85,0.10,3.85,0.10,0.00,0.00,0.00
20260822,10026349026083,17,0,0.00,0.00,0.00,0.00,0.00,0.00,0.00
20260822,10027272712101,11,0,0.00,0.00,0.00,0.00,0.00,0.00,0.00
20260822,10027002957817,44,2,4.55,0.30,6.82,0.15,0.00,0.00,0.00
20260822,10027848219930,29,0,0.00,0.00,0.00,0.00,0.00,0.00,0.00
20260822,10026350825397,247,4,1.62,10.94,44.29,2.74,0.00,0.00,0.00
20260822,10027346224350,139,11,7.91,11.58,83.31,1.05,0.00,0.00,0.00
20260822,10029716841916,236,11,4.66,5.08,21.53,0.46,0.00,0.00,0.00
20260822,10032950336111,17,0,0.00,0.00,0.00,0.00,0.00,0.00,0.00
20260822,10026876601221,95,9,9.47,9.48,99.79,1.05,22.22,35.00,3.69
20260822,10028738684573,3,0,0.00,0.00,0.00,0.00,0.00,0.00,0.00
20260822,10026348284934,12,2,16.67,0.37,30.83,0.19,0.00,0.00,0.00
20260822,10030561436127,5,0,0.00,0.00,0.00,0.00,0.00,0.00,0.00
20260822,10029372321239,11,0,0.00,0.00,0.00,0.00,0.00,0.00,0.00
20260822,10028739263209,18,0,0.00,0.00,0.00,0.00,0.00,0.00,0.00
20260822,10027380998461,65,3,4.62,2.79,42.92,0.93,33.33,203.00,72.76
20260822,10027322451954,311,24,7.72,9.17,29.49,0.38,0.00,0.00,0.00
20260822,10026591974818,27,0,0.00,0.00,0.00,0.00,0.00,0.00,0.00
20260822,10026608095213,13,1,7.69,2.33,179.23,2.33,0.00,0.00,0.00
20260822,10026349808349,12,0,0.00,0.00,0.00,0.00,0.00,0.00,0.00
20260822,10026877922750,80,2,2.50,0.31,3.88,0.16,0.00,0.00,0.00
20260822,10026364056679,315,22,6.98,26.08,82.79,1.19,4.55,24.00,0.92
20260822,10029372606487,6,0,0.00,0.00,0.00,0.00,0.00,0.00,0.00
20260822,10027232387250,13,0,0.00,0.00,0.00,0.00,0.00,0.00,0.00
20260822,10026679887041,10,1,10.00,0.17,17.00,0.17,0.00,0.00,0.00
20260822,10027848497108,27,1,3.70,1.43,52.96,1.43,0.00,0.00,0.00
20260822,10026350498838,3,0,0.00,0.00,0.00,0.00,0.00,0.00,0.00
20260822,10026876169278,64,4,6.25,1.78,27.81,0.45,0.00,0.00,0.00
20260822,10027895106654,12,0,0.00,0.00,0.00,0.00,0.00,0.00,0.00
20260822,10027321997492,2697,122,4.52,268.74,99.64,2.20,2.46,779.70,2.90
20260822,10028576203176,108,8,7.41,0.91,8.43,0.11,37.50,179.70,197.47
20260822,10028951723142,43,8,18.60,8.64,200.93,1.08,12.50,77.00,8.91
20260822,10026592457848,166,8,4.82,3.25,19.58,0.41,12.50,48.00,14.77
20260821,10027272712101,22,0,0.00,0.00,0.00,0.00,0.00,0.00,0.00
20260821,10027002957817,28,1,3.57,0.12,4.29,0.12,0.00,0.00,0.00
20260821,10029372606487,3,0,0.00,0.00,0.00,0.00,0.00,0.00,0.00
20260821,10027848497108,45,1,2.22,2.55,56.67,2.55,0.00,0.00,0.00
20260821,10026591974818,79,2,2.53,3.33,42.15,1.67,0.00,0.00,0.00
20260821,10027895106654,15,1,6.67,0.56,37.33,0.56,0.00,0.00,0.00
20260821,10026350230290,2,0,0.00,0.00,0.00,0.00,0.00,0.00,0.00
20260821,10027346224350,158,17,10.76,15.13,95.76,0.89,0.00,0.00,0.00
20260821,10027848219930,23,0,0.00,0.00,0.00,0.00,0.00,0.00,0.00
20260821,10026365993956,1,0,0.00,0.00,0.00,0.00,0.00,0.00,0.00
20260821,10029372321239,4,0,0.00,0.00,0.00,0.00,0.00,0.00,0.00
20260821,10032950336111,11,0,0.00,0.00,0.00,0.00,0.00,0.00,0.00
20260821,10030562418205,2,0,0.00,0.00,0.00,0.00,0.00,0.00,0.00
20260821,10026350498838,5,0,0.00,0.00,0.00,0.00,0.00,0.00,0.00
20260821,10026364056679,514,36,7.00,29.85,58.07,0.83,5.56,61.80,2.07
20260821,10028565601646,47,0,0.00,0.00,0.00,0.00,0.00,0.00,0.00
20260821,10027048961128,730,52,7.12,38.41,52.62,0.74,13.46,346.30,9.02
20260821,10026348284934,33,2,6.06,1.20,36.36,0.60,0.00,0.00,0.00
20260821,10028739263209,4,1,25.00,1.01,252.50,1.01,0.00,0.00,0.00
20260821,10028836069950,1,0,0.00,0.00,0.00,0.00,0.00,0.00,0.00
20260821,10026877922750,43,4,9.30,4.91,114.19,1.23,0.00,0.00,0.00
20260821,10027322451954,362,14,3.87,13.89,38.37,0.99,0.00,0.00,0.00
20260821,10027645847428,37,0,0.00,0.00,0.00,0.00,0.00,0.00,0.00
20260821,10027406248270,35,0,0.00,0.00,0.00,0.00,0.00,0.00,0.00
20260821,10026876169278,25,0,0.00,0.00,0.00,0.00,0.00,0.00,0.00
20260821,10027448617071,41,1,2.44,0.19,4.63,0.19,0.00,0.00,0.00
20260821,10026876601221,97,5,5.15,4.39,45.26,0.88,40.00,68.00,15.49
20260821,10027321997492,2890,145,5.02,307.51,106.40,2.12,1.38,329.80,1.07
20260821,10029716841916,320,17,5.31,15.30,47.81,0.90,0.00,0.00,0.00
20260821,10026593256177,75,8,10.67,7.86,104.80,0.98,0.00,0.00,0.00
20260821,10028951723142,6,1,16.67,0.53,88.33,0.53,0.00,0.00,0.00
20260821,10026349808349,11,1,9.09,1.94,176.36,1.94,100.00,47.00,24.23
20260821,10029002277307,4,0,0.00,0.00,0.00,0.00,0.00,0.00,0.00
20260821,10030561436127,26,0,0.00,0.00,0.00,0.00,0.00,0.00,0.00
20260821,10028330884937,77,7,9.09,2.98,38.70,0.43,0.00,0.00,0.00
20260821,10026679887041,15,1,6.67,2.47,164.67,2.47,0.00,0.00,0.00
20260821,10027380998461,86,3,3.49,3.43,39.88,1.14,0.00,0.00,0.00
20260821,10026350825397,283,4,1.41,18.56,65.58,4.64,25.00,368.00,19.83
20260821,10027232387250,14,0,0.00,0.00,0.00,0.00,0.00,0.00,0.00
20260821,10028576203176,102,9,8.82,3.44,33.73,0.38,0.00,0.00,0.00
20260821,10026608095213,16,0,0.00,0.00,0.00,0.00,0.00,0.00,0.00
20260821,10028842048449,137,6,4.38,3.03,22.12,0.51,0.00,0.00,0.00
20260821,10026592457848,151,4,2.65,4.82,31.92,1.21,25.00,40.00,8.30
20260821,10026365556265,3,0,0.00,0.00,0.00,0.00,0.00,0.00,0.00
20260821,10026349026083,35,0,0.00,0.00,0.00,0.00,0.00,0.00,0.00
20260821,10026350366810,65,2,3.08,2.96,45.54,1.48,50.00,15.10,5.10
20260820,10028842048449,79,2,2.53,0.60,7.59,0.30,0.00,0.00,0.00
20260820,10028576203176,114,9,7.89,14.94,131.05,1.66,0.00,0.00,0.00
20260820,10030372593619,3,0,0.00,0.00,0.00,0.00,0.00,0.00,0.00
20260820,10028739263209,23,2,8.70,1.43,62.17,0.72,0.00,0.00,0.00
20260820,10026365556265,2,0,0.00,0.00,0.00,0.00,0.00,0.00,0.00
20260820,10026350825397,273,7,2.56,17.47,63.99,2.50,14.29,169.10,9.68
20260820,10026876169278,9,1,11.11,0.99,110.00,0.99,100.00,88.00,88.89
20260820,10030562418205,2,0,0.00,0.00,0.00,0.00,0.00,0.00,0.00
20260820,10027848219930,20,1,5.00,0.31,15.50,0.31,0.00,0.00,0.00
20260820,10026364056679,414,27,6.52,43.32,104.64,1.60,7.41,124.00,2.86
20260820,10026591974818,34,2,5.88,6.51,191.47,3.26,0.00,0.00,0.00
20260820,10026350498838,1,0,0.00,0.00,0.00,0.00,0.00,0.00,0.00
20260820,10028951723142,25,0,0.00,0.00,0.00,0.00,0.00,0.00,0.00
20260820,10028565601646,32,1,3.13,0.15,4.69,0.15,0.00,0.00,0.00
20260820,10026679887041,15,0,0.00,0.00,0.00,0.00,0.00,0.00,0.00
20260820,10026593256177,50,3,6.00,4.57,91.40,1.52,0.00,0.00,0.00
20260820,10029372321239,14,0,0.00,0.00,0.00,0.00,0.00,0.00,0.00
20260820,10030561436127,34,2,5.88,8.11,238.53,4.06,0.00,0.00,0.00
20260820,10026350366810,37,4,10.81,1.13,30.54,0.28,0.00,0.00,0.00
20260820,10026349808349,20,0,0.00,0.00,0.00,0.00,0.00,0.00,0.00
20260820,10029716841916,271,11,4.06,15.14,55.87,1.38,0.00,0.00,0.00
20260820,10029372606487,9,1,11.11,1.18,131.11,1.18,0.00,0.00,0.00
20260820,10032950336111,10,0,0.00,0.00,0.00,0.00,0.00,0.00,0.00
20260820,10027645847428,37,1,2.70,3.53,95.41,3.53,0.00,0.00,0.00
20260820,10026877922750,90,2,2.22,1.46,16.22,0.73,50.00,168.70,115.55
20260820,10027322451954,306,18,5.88,17.38,56.80,0.97,5.56,176.00,10.13
20260820,10033906996788,1,0,0.00,0.00,0.00,0.00,0.00,0.00,0.00
20260820,10026349026083,15,1,6.67,0.28,18.67,0.28,0.00,0.00,0.00
20260820,10026592457848,157,12,7.64,15.86,101.02,1.32,8.33,84.00,5.30
20260820,10027002957817,22,2,9.09,2.32,105.45,1.16,0.00,0.00,0.00
20260820,10027848497108,36,2,5.56,1.77,49.17,0.89,0.00,0.00,0.00
20260820,10026876601221,91,8,8.79,5.38,59.12,0.67,0.00,0.00,0.00
20260820,10027346224350,143,8,5.59,6.55,45.80,0.82,0.00,0.00,0.00
20260820,10026348284934,27,2,7.41,2.06,76.30,1.03,0.00,0.00,0.00
20260820,10028738684573,3,0,0.00,0.00,0.00,0.00,0.00,0.00,0.00
20260820,10027232387250,1,0,0.00,0.00,0.00,0.00,0.00,0.00,0.00
20260820,10027048961128,551,41,7.44,37.26,67.62,0.91,4.88,113.80,3.05
20260820,10028330884937,40,2,5.00,2.25,56.25,1.13,0.00,0.00,0.00
20260820,10026608095213,10,0,0.00,0.00,0.00,0.00,0.00,0.00,0.00
20260820,10027272712101,18,3,16.67,13.87,770.56,4.62,0.00,0.00,0.00
20260820,10027448617071,42,1,2.38,0.23,5.48,0.23,0.00,0.00,0.00
20260820,10027895106654,15,1,6.67,0.77,51.33,0.77,0.00,0.00,0.00
20260820,10027321997492,2498,120,4.80,331.91,132.87,2.77,2.50,718.80,2.17
20260820,10029002277307,8,1,12.50,0.20,25.00,0.20,0.00,0.00,0.00
20260820,10027380998461,61,4,6.56,11.28,184.92,2.82,0.00,0.00,0.00
20260820,10027406248270,32,0,0.00,0.00,0.00,0.00,0.00,0.00,0.00
20260819,10027346224350,156,4,2.56,1.88,12.05,0.47,0.00,0.00,0.00
20260819,10026350366810,31,1,3.23,0.10,3.23,0.10,0.00,0.00,0.00
20260819,10026349026083,24,5,20.83,3.97,165.42,0.79,20.00,99.90,25.16
20260819,10026593256177,41,0,0.00,0.00,0.00,0.00,0.00,0.00,0.00
20260819,10026608095213,20,1,5.00,2.95,147.50,2.95,0.00,0.00,0.00
20260819,10027848497108,17,0,0.00,0.00,0.00,0.00,0.00,0.00,0.00
20260819,10027895106654,23,2,8.70,1.10,47.83,0.55,0.00,0.00,0.00
20260819,10027048961128,2150,125,5.81,183.97,85.57,1.47,9.60,388.40,2.11
20260819,10028951723142,27,3,11.11,2.59,95.93,0.86,0.00,0.00,0.00
20260819,10027380998461,83,8,9.64,7.00,84.34,0.88,0.00,0.00,0.00
20260819,10026365556265,4,0,0.00,0.00,0.00,0.00,0.00,0.00,0.00
20260819,10027322451954,255,12,4.71,14.89,58.39,1.24,0.00,0.00,0.00
20260819,10026350498838,2,0,0.00,0.00,0.00,0.00,0.00,0.00,0.00
20260819,10028739263209,1,0,0.00,0.00,0.00,0.00,0.00,0.00,0.00
20260819,10026876169278,11,0,0.00,0.00,0.00,0.00,0.00,0.00,0.00
20260819,10029372321239,14,0,0.00,0.00,0.00,0.00,0.00,0.00,0.00
20260819,10032950336111,20,3,15.00,1.08,54.00,0.36,0.00,0.00,0.00
20260819,10027448617071,46,3,6.52,1.50,32.61,0.50,0.00,0.00,0.00
20260819,10029002277307,3,0,0.00,0.00,0.00,0.00,0.00,0.00,0.00
20260819,10026364056679,386,19,4.92,17.53,45.41,0.92,0.00,0.00,0.00
20260819,10027002957817,42,3,7.14,0.66,15.71,0.22,0.00,0.00,0.00
20260819,10027232387250,3,0,0.00,0.00,0.00,0.00,0.00,0.00,0.00
20260819,10028330884937,51,1,1.96,0.22,4.31,0.22,0.00,0.00,0.00
20260819,10026350825397,530,7,1.32,110.21,207.94,15.74,14.29,93.10,0.84
20260819,10027321997492,2771,134,4.84,358.83,129.49,2.68,2.99,908.70,2.53
20260819,10027848219930,11,0,0.00,0.00,0.00,0.00,0.00,0.00,0.00
20260819,10029716841916,397,18,4.53,17.77,44.76,0.99,0.00,0.00,0.00
20260819,10027406248270,27,0,0.00,0.00,0.00,0.00,0.00,0.00,0.00
20260819,10030372593619,1,0,0.00,0.00,0.00,0.00,0.00,0.00,0.00
20260819,10026877922750,69,2,2.90,2.20,31.88,1.10,0.00,0.00,0.00
20260819,10028738684573,1,0,0.00,0.00,0.00,0.00,0.00,0.00,0.00
20260819,10026349808349,19,1,5.26,0.78,41.05,0.78,0.00,0.00,0.00
20260819,10027272712101,5,0,0.00,0.00,0.00,0.00,0.00,0.00,0.00
20260819,10028565601646,46,1,2.17,0.32,6.96,0.32,0.00,0.00,0.00
20260819,10026679887041,21,1,4.76,0.60,28.57,0.60,0.00,0.00,0.00
20260819,10026592457848,130,5,3.85,8.60,66.15,1.72,40.00,334.00,38.84
20260819,10026876601221,45,4,8.89,5.29,117.56,1.32,0.00,0.00,0.00
20260819,10029372606487,4,0,0.00,0.00,0.00,0.00,0.00,0.00,0.00
20260819,10026591974818,12,0,0.00,0.00,0.00,0.00,0.00,0.00,0.00
20260819,10030561436127,17,0,0.00,0.00,0.00,0.00,0.00,0.00,0.00
20260819,10027645847428,26,1,3.85,0.12,4.62,0.12,0.00,0.00,0.00
20260819,10033906996788,5,0,0.00,0.00,0.00,0.00,0.00,0.00,0.00
20260819,10028842048449,88,7,7.95,2.67,30.34,0.38,14.29,8.80,3.30
20260819,10026348284934,15,0,0.00,0.00,0.00,0.00,0.00,0.00,0.00
20260819,10028576203176,93,3,3.23,1.87,20.11,0.62,0.00,0.00,0.00
